bet_id,session_id,timestamp,event,match,match_uid,feature_snapshot_id,run_id,bet_on,bet_on_player1,odds_decimal,stake,stake_fraction,model_prob,market_prob,edge,kelly_fraction,potential_profit,potential_loss,bankroll_before,model_version,status,outcome,actual_profit,bankroll_after,settled_timestamp,match_date,match_start_time,notes
bet_20260708_095009_0,session_20260708_094211,2026-07-08 09:51:19,Wimbledon - Men's Singles (3),Taylor Fritz vs Alexander Zverev,match_4a28eddfe82ae0d4dae3,feat_0facf3e4f044bdce1b53,run_20260708T094211Z,Alexander Zverev,False,2.15,13.92137197455178,0.0139213719745517,0.5929096341133118,0.4651162790697674,0.1277933550435443,0.05,16.009577770734545,13.92137197455178,1000.0,v1.2.1,settled,win,16.009577770734545,1016.0095777707344,2026-07-08 19:59:37,2026-07-08,,Auto-settled from Tennis Abstract | score=4-6 4-6 2-6
bet_20260708_095009_1,session_20260708_094211,2026-07-08 09:51:19,Wimbledon - Men's Singles (3),Flavio Cobolli vs Arthur Fery,match_31841590ac8cd848beb2,feat_078246209414caae9d0f,run_20260708T094211Z,Flavio Cobolli,True,1.350877192982456,13.92137197455178,0.0139213719745517,0.782383918762207,0.7402597402597403,0.0421241785024667,0.05,4.884691920895361,13.92137197455178,1000.0,v1.2.1,pending,,,,,2026-07-08,,
bet_20260708_095009_2,session_20260708_094211,2026-07-08 09:51:19,Challenger - Nottingham (4),Yi Zhou vs Daniel de Jonge,match_629f579c25cd657a6e7b,feat_f1842299ded99541ba74,run_20260708T094211Z,Daniel de Jonge,False,4.2,13.92137197455178,0.0139213719745517,0.2842752337455749,0.238095238095238,0.0461799956503368,0.05,44.5483903185657,13.92137197455178,1000.0,v1.2.1,settled,loss,-13.92137197455178,942.0882057961826,2026-07-08 13:37:31,2026-07-08,,Auto-settled from Tennis Abstract | score=6(3)-7 6-1 6-1
bet_20260708_095009_3,session_20260708_094211,2026-07-08 09:51:19,Challenger - Braunschweig (3),Daniel Rincon vs Sebastian Ofner,match_9249ccf29ac743b39665,feat_3d9a8cf87779b7e68f33,run_20260708T094211Z,Daniel Rincon,True,3.6,13.92137197455178,0.0139213719745517,0.416753888130188,0.2777777777777778,0.1389761103524102,0.05,36.19556713383463,13.92137197455178,1000.0,v1.2.1,settled,win,36.19556713383463,1015.478075258089,2026-07-09 15:41:42,2026-07-08,,Auto-settled from Tennis Abstract | score=3-6 7-5 6-3
bet_20260708_095009_4,session_20260708_094211,2026-07-08 09:51:19,Challenger - Iasi (4),Ilia Simakin vs Lautaro Midon,match_e777d7a9bf10a0316718,feat_9f4db2f49a389f0e138a,run_20260708T094211Z,Ilia Simakin,True,2.85,13.92137197455178,0.0139213719745517,0.6317578554153442,0.3508771929824561,0.2808806624328881,0.05,25.75453815292079,13.92137197455178,1000.0,v1.2.1,settled,loss,-13.92137197455178,928.1668338216308,2026-07-08 13:37:55,2026-07-08,,Auto-settled from Tennis Abstract | score=7-5 6-3
bet_20260708_095009_5,session_20260708_094211,2026-07-08 09:51:19,Challenger - Iasi (4),Pedro Martinez vs Maks Kasnikowski,match_05a47b4a8f33551aee83,feat_13401b70fd259eb96c33,run_20260708T094211Z,Pedro Martinez,True,2.15,13.92137197455178,0.0139213719745517,0.5073972344398499,0.4651162790697674,0.0422809553700824,0.05,16.009577770734545,13.92137197455178,1000.0,v1.2.1,settled,loss,-13.92137197455178,1001.5567032835372,2026-07-09 15:41:42,2026-07-08,,Auto-settled from Tennis Abstract | score=6-4 3-6 5-7
bet_20260708_095009_6,session_20260708_094211,2026-07-08 09:51:19,Challenger - Iasi (4),Zsombor Piros vs Damir Dzumhur,match_05d95cd8a8a3527e4ec3,feat_7f8697d23f2bcb8b90ea,run_20260708T094211Z,Damir Dzumhur,False,2.2,13.92137197455178,0.0139213719745517,0.5418268442153931,0.4545454545454545,0.0872813896699385,0.05,16.705646369462137,13.92137197455178,1000.0,v1.2.1,pending,,,,,2026-07-08,,
bet_20260708_095009_7,session_20260708_094211,2026-07-08 09:51:19,Challenger - Trieste (3),Michele Ribecai vs Matej Dodig,match_116ea782de1da461c4f2,feat_b5aef6c2d7bd2ebbb723,run_20260708T094211Z,Matej Dodig,False,1.7692307692307692,13.92137197455178,0.0139213719745517,0.7023634016513824,0.5652173913043479,0.1371460103470345,0.05,10.708747672732136,13.92137197455178,1000.0,v1.2.1,settled,win,10.708747672732136,938.8755814943628,2026-07-08 13:38:04,2026-07-08,,Auto-settled from Tennis Abstract | score=6-4 5-7 4-6
bet_20260708_095009_8,session_20260708_094211,2026-07-08 09:51:19,Challenger - Trieste (3),Lukas Neumayer vs Guido Ivan Justo,match_e826bb24fb0686eab36c,feat_9c59ad45f00038080334,run_20260708T094211Z,Guido Ivan Justo,False,3.5,13.92137197455178,0.0139213719745517,0.4162258505821228,0.2857142857142857,0.1305115648678371,0.05,34.80342993637945,13.92137197455178,1000.0,v1.2.1,settled,loss,-13.92137197455178,987.6353313089854,2026-07-09 15:41:42,2026-07-08,,Auto-settled from Tennis Abstract | score=6-4 5-7 6-4
bet_20260708_095009_9,session_20260708_094211,2026-07-08 09:51:19,Challenger - Trieste (3),Henri Squire vs Francesco Passaro,match_c3ac5075663b82c5b1f6,feat_530d15b5c9d51450893a,run_20260708T094211Z,Henri Squire,True,2.3,12.94353630537866,0.0129435363053786,0.4610584378242492,0.4347826086956522,0.026275829128597,0.0464880053813639,16.826597196992253,12.94353630537866,1000.0,v1.2.1,pending,,,,,2026-07-08,,
bet_20260708_095009_10,session_20260708_094211,2026-07-08 09:51:19,Challenger - Newport (5),Mackenzie McDonald vs Adam Walton,match_9baf6755e8e32236c7ee,feat_6d84a3a1da4209984a84,run_20260708T094211Z,Mackenzie McDonald,True,1.9523809523809523,13.92137197455178,0.0139213719745517,0.7413201928138733,0.5121951219512195,0.2291250708626537,0.05,13.258449499573125,13.92137197455178,1000.0,v1.2.1,settled,loss,-13.92137197455178,988.7107189321462,2026-07-10 20:11:21,2026-07-08,,Auto-settled from Tennis Abstract | score=6-1 6-3
bet_20260708_095009_11,session_20260708_094211,2026-07-08 09:51:19,Challenger - Newport (5),Aleksandar Vukic vs Liam Broady,match_e74d7995a74ff3a6e466,feat_e40624928325e8cd5e11,run_20260708T094211Z,Aleksandar Vukic,True,1.869565217391304,13.92137197455178,0.0139213719745517,0.6102655529975891,0.5348837209302326,0.0753818320673564,0.05,12.105540847436329,13.92137197455178,1000.0,v1.2.1,pending,,,,,2026-07-08,,
bet_20260708_095009_12,session_20260708_094211,2026-07-08 09:51:19,Challenger - Newport (5),Bernard Tomic vs Braden Shick,match_36afe8a77e0ac3a98f76,feat_cbbfb823395a73585e11,run_20260708T094211Z,Braden Shick,False,2.5,13.92137197455178,0.0139213719745517,0.6075081825256348,0.4,0.2075081825256347,0.05,20.88205796182767,13.92137197455178,1000.0,v1.2.1,pending,,,,,2026-07-08,,
bet_20260708_120553_2,session_20260708_120034,2026-07-08 12:06:46,Challenger - Iasi (4),Taro Daniel vs Zdenek Kolar,match_6bdf9db01d22418af70b,feat_9cff0f7ed3d21282dfb8,run_20260708T120034Z,Zdenek Kolar,False,2.75,20.71749187574559,0.0207174918757455,0.4326427578926086,0.3636363636363636,0.069006394256245,0.05,36.25561078255478,20.71749187574559,1000.0,v1.2.1,settled,loss,-20.71749187574559,979.2825081242544,2026-07-09 15:40:39,2026-07-09,,Auto-settled from Tennis Abstract | score=6-4 6-3
bet_20260708_120553_4,session_20260708_120034,2026-07-08 12:06:46,Challenger - Trieste (2),Henri Squire vs Francesco Passaro,match_39928b57b08cb6ab89d9,feat_141d2add56d2f62fa09c,run_20260708T120034Z,Henri Squire,True,2.3,19.26229747616052,0.0192622974761605,0.4610584378242492,0.4347826086956522,0.026275829128597,0.0464880053813639,25.040986719008668,19.26229747616052,1000.0,v1.2.1,settled,win,25.04098671900867,1025.0409867190087,2026-07-09 01:07:04,2026-07-08,,Auto-settled from Tennis Abstract | score=5-7 6-4 7-5
bet_20260708_120553_8,session_20260708_120034,2026-07-08 12:06:46,Challenger - Liege (1),Miguel Damas vs Gilles Arnaud Bailly,match_6b7cf8555bb9f4dd446c,feat_f109b8357a6ed18c5318,run_20260708T120034Z,Miguel Damas,True,2.25,15.715259393620336,0.0157152593936203,0.4655152857303619,0.4444444444444444,0.0210708412859175,0.0379275143146514,19.64407424202541,15.715259393620336,1000.0,v1.2.1,settled,win,19.64407424202541,1044.6850609610342,2026-07-09 01:07:05,2026-07-08,,Auto-settled from Tennis Abstract | score=7-5 2-6 6-2
bet_20260708_144824_4,session_20260708_144433,2026-07-08 14:48:52,Challenger - Iasi (2),Zsombor Piros vs Damir Dzumhur,match_d2c20ded46b34053943f,feat_77f649d3c9d64e36d343,run_20260708T144433Z,Damir Dzumhur,False,2.15,37.82664659833242,0.0378266465983324,0.5418268442153931,0.4651162790697674,0.0767105651456256,0.05,43.50064358808228,37.82664659833242,1000.0,v1.2.1,settled,loss,-37.82664659833242,1006.8584143627018,2026-07-09 01:07:07,2026-07-08,,Auto-settled from Tennis Abstract | score=4-6 6-4 6-3
bet_20260708_165827_0,session_20260708_165413,2026-07-08 16:58:47,Challenger - Newport (4),Aleksandar Vukic vs Liam Broady,match_f3bef4045340da4f72d8,feat_7fc2bdc3ac0e6d4e58e2,run_20260708T165413Z,Aleksandar Vukic,True,1.869565217391304,60.0,0.06,0.6102655529975891,0.5348837209302326,0.0753818320673564,0.05,52.17391304347825,60.0,1000.0,v1.2.1,settled,loss,-60.0,956.0095777707344,2026-07-08 13:29:22,2026-07-08,,Auto-settled from Tennis Abstract | score=6(4)-7 3-6
bet_20260708_165827_1,session_20260708_165413,2026-07-08 16:58:47,Challenger - Newport (4),Bernard Tomic vs Braden Shick,match_bf505289a5a98a982120,feat_8d45722ba58f0796f825,run_20260708T165413Z,Braden Shick,False,2.55,60.0,0.06,0.6075081825256348,0.3921568627450981,0.2153513197805366,0.05,93.0,60.0,1000.0,v1.2.1,settled,loss,-60.0,927.6353313089854,2026-07-09 15:41:42,2026-07-08,,Auto-settled from Tennis Abstract | score=6-2 6-3
bet_20260709_005114_0,session_20260709_004018,2026-07-09 00:52:05,Wimbledon - Men's Singles (4),Arthur Fery vs Alexander Zverev,match_e5ba87a1deaf9787bb4e,feat_e655c22a7f707a4c5125,run_20260709T004018Z,Alexander Zverev,False,1.1428571428571428,36.0,0.036,0.8988769426941872,0.875,0.0238769426941871,0.05,5.142857142857141,36.0,1000.0,v1.2.1,pending,,,,,2026-07-10,,
bet_20260709_005114_1,session_20260709_004018,2026-07-09 00:52:05,Challenger - Braunschweig (3),Vilius Gaubas vs Facundo Diaz Acosta,match_35ae757d10742bb6356c,feat_df7186cf01cd482a212f,run_20260709T004018Z,Vilius Gaubas,True,2.45,36.0,0.036,0.5771440267562866,0.4081632653061224,0.1689807614501642,0.05,52.2,36.0,1000.0,v1.2.1,pending,,,,,2026-07-09,,
bet_20260709_005114_2,session_20260709_004018,2026-07-09 00:52:05,Challenger - Braunschweig (3),Niels McDonald vs Martin Krumich,match_266d9ef90596e45b2ba8,feat_1e85de3fa08449f9ea98,run_20260709T004018Z,Martin Krumich,False,1.9523809523809523,36.0,0.036,0.702933132648468,0.5121951219512195,0.1907380106972485,0.05,34.285714285714285,36.0,1000.0,v1.2.1,pending,,,,,2026-07-09,,
bet_20260709_005114_3,session_20260709_004018,2026-07-09 00:52:05,Challenger - Nottingham (4),Amit Vales vs Henry Searle,match_0d4732658f3fb4e2a9d3,feat_663580add5b12f25aa32,run_20260709T004018Z,Amit Vales,True,6.5,36.0,0.036,0.1993214190006256,0.1538461538461538,0.0454752651544717,0.05,198.0,36.0,1000.0,v1.2.1,settled,loss,-36.0,964.0,2026-07-10 00:06:36,2026-07-09,,Auto-settled from Tennis Abstract | score=3-6 2-6
bet_20260709_005114_4,session_20260709_004018,2026-07-09 00:52:05,Challenger - Liege (2),Kimmer Coppejans vs Daniel Michalski,match_41d2133ca04cd300903b,feat_59f3e5c89a3a98f8e852,run_20260709T004018Z,Daniel Michalski,False,2.75,36.0,0.036,0.4821569323539734,0.3636363636363636,0.1185205687176097,0.05,63.0,36.0,1000.0,v1.2.1,pending,,,,,2026-07-09,,
bet_20260709_011152_0,session_20260709_010548,2026-07-09 01:12:37,Wimbledon - Men's Singles (2),Arthur Fery vs Alexander Zverev,match_dd671e8ea4957a3a6cce,feat_6ed9205e927b3d331990,run_20260709T010548Z,Alexander Zverev,False,1.1428571428571428,25.71428571428571,0.0257142857142857,0.8988769426941872,0.875,0.0238769426941871,0.05,3.6734693877551,25.71428571428571,1000.0,v1.2.1,pending,,,,,2026-07-10,,
bet_20260709_011152_5,session_20260709_010548,2026-07-09 01:12:37,Challenger - Newport (2),Jacob Fearnley vs Mark Lajal,match_fae9736ac1d0d1bdbbe0,feat_573f702f3c417b50bfbf,run_20260709T010548Z,Mark Lajal,False,2.6,25.71428571428571,0.0257142857142857,0.5388857424259186,0.3846153846153846,0.154270357810534,0.05,41.14285714285714,25.71428571428571,1000.0,v1.2.1,settled,loss,-25.71428571428571,1034.831168831169,2026-07-10 01:39:37,2026-07-09,,Auto-settled from Tennis Abstract | score=7-5 3-6 6-1
bet_20260709_011152_6,session_20260709_010548,2026-07-09 01:12:37,Challenger - Newport (2),Stefan Kozlov vs Yibing Wu,match_37f771d19e064bcc9dd0,feat_99045e950afd82688a10,run_20260709T010548Z,Stefan Kozlov,True,4.05,25.71428571428571,0.0257142857142857,0.3704772293567657,0.2469135802469136,0.1235636491098521,0.05,78.42857142857142,25.71428571428571,1000.0,v1.2.1,pending,,,,,2026-07-09,,
bet_20260709_015215_4,session_20260709_014742,2026-07-09 01:52:57,Challenger - Liege (3),Kimmer Coppejans vs Daniel Michalski,match_3facdf7496ad720804ed,feat_71443e4a6431dca3012b,run_20260709T014742Z,Daniel Michalski,False,2.75,25.71428571428571,0.0257142857142857,0.4821569323539734,0.3636363636363636,0.1185205687176097,0.05,44.99999999999999,25.71428571428571,1000.0,v1.2.1,pending,,,,,2026-07-09,,
bet_20260709_052136_0,session_20260709_051522,2026-07-09 05:22:39,Challenger - Iasi (3),Cezar Cretu vs Gustavo Heide,match_88d8107e076239b9924f,feat_3c02c422cc6fc6291f20,run_20260709T051522Z,Cezar Cretu,True,3.3,16.363636363636363,0.0163636363636363,0.4707413911819458,0.303030303030303,0.1677110881516427,0.05,37.63636363636363,16.363636363636363,1000.0,v1.2.1,settled,loss,-16.363636363636363,1060.5454545454547,2026-07-10 01:39:37,2026-07-09,,Auto-settled from Tennis Abstract | score=6-2 5-7 3-6
bet_20260709_052136_1,session_20260709_051522,2026-07-09 05:22:39,Challenger - Braunschweig (4),Vilius Gaubas vs Facundo Diaz Acosta,match_70490c4cb0b73ef40f3f,feat_4f6aeb9ce793ee2ad429,run_20260709T051522Z,Vilius Gaubas,True,2.4,16.363636363636363,0.0163636363636363,0.5771440267562866,0.4166666666666667,0.1604773600896199,0.05,22.909090909090907,16.363636363636363,1000.0,v1.2.1,settled,loss,-16.363636363636363,983.6363636363636,2026-07-10 08:18:37,2026-07-09,,Auto-settled from Tennis Abstract | score=4-6 2-6
bet_20260709_052136_2,session_20260709_051522,2026-07-09 05:22:39,Challenger - Braunschweig (4),Niels McDonald vs Martin Krumich,match_151d5f337f84e23cdbbb,feat_1b88f9d50da4a74db718,run_20260709T051522Z,Martin Krumich,False,1.8,16.363636363636363,0.0163636363636363,0.702933132648468,0.5555555555555556,0.1473775770929124,0.05,13.090909090909092,16.363636363636363,1000.0,v1.2.1,settled,loss,-16.363636363636363,967.2727272727273,2026-07-10 08:18:37,2026-07-09,,Auto-settled from Tennis Abstract | score=6-4 6-4
bet_20260709_052136_3,session_20260709_051522,2026-07-09 05:22:39,Challenger - Braunschweig (4),Marvin Moeller vs Adolfo Daniel Vallejo,match_9f03eb0bf2297e15cbe8,feat_e6079d54d17784961241,run_20260709T051522Z,Marvin Moeller,True,4.5,16.363636363636363,0.0163636363636363,0.3108542859554291,0.2222222222222222,0.0886320637332068,0.05,57.27272727272727,16.363636363636363,1000.0,v1.2.1,settled,win,57.27272727272727,1057.2727272727273,2026-07-10 01:39:30,2026-07-09,,Auto-settled from Tennis Abstract | score=6-3 5-0
bet_20260709_052136_5,session_20260709_051522,2026-07-09 05:22:39,Challenger - Liege (4),Kimmer Coppejans vs Daniel Michalski,match_3daa6b5e2ab78b3991cf,feat_4eff3f4372f35bbf2a55,run_20260709T051522Z,Daniel Michalski,False,2.55,16.363636363636363,0.0163636363636363,0.4821569323539734,0.3921568627450981,0.0900000696088753,0.05,25.36363636363636,16.363636363636363,1000.0,v1.2.1,settled,loss,-16.363636363636363,950.9090909090908,2026-07-10 08:18:37,2026-07-09,,Auto-settled from Tennis Abstract | score=6-4 7-5
bet_20260709_052136_6,session_20260709_051522,2026-07-09 05:22:39,Challenger - Liege (4),Gauthier Onclin vs Florian Broska,match_06b63691e8af47d2703d,feat_084ac9476cdcaa770649,run_20260709T051522Z,Gauthier Onclin,True,1.3333333333333333,16.363636363636363,0.0163636363636363,0.772350549697876,0.75,0.0223505496978759,0.05,5.454545454545453,16.363636363636363,1000.0,v1.2.1,settled,loss,-16.363636363636363,934.5454545454544,2026-07-10 08:18:37,2026-07-09,,Auto-settled from Tennis Abstract | score=7-5 6(5)-7 2-6
bet_20260709_052136_7,session_20260709_051522,2026-07-09 05:22:39,Challenger - Trieste (3),Maxim Mrva vs Federico Bondioli,match_69966850b6e23ab4c3b7,feat_120b81bbc5694b4f6412,run_20260709T051522Z,Federico Bondioli,False,2.3,16.363636363636363,0.0163636363636363,0.6011107265949249,0.4347826086956522,0.1663281178992727,0.05,21.27272727272727,16.363636363636363,1000.0,v1.2.1,pending,,,,,2026-07-09,,
bet_20260709_052136_8,session_20260709_051522,2026-07-09 05:22:39,Challenger - Trieste (3),Nikolas Sanchez-Izquierdo vs Alex Barrena,match_7b7cbe1aa25126d8ccbf,feat_844720d92d316db615fb,run_20260709T051522Z,Alex Barrena,False,2.3,16.363636363636363,0.0163636363636363,0.4807291030883789,0.4347826086956522,0.0459464943927266,0.05,21.27272727272727,16.363636363636363,1000.0,v1.2.1,pending,,,,,2026-07-09,,
bet_20260709_092658_7,session_20260709_085012,2026-07-09 09:27:41,Challenger - Trieste (4),Maxim Mrva vs Federico Bondioli,match_0e84ad2ef5bff9e02841,feat_13ee4291219321098731,run_20260709T085012Z,Federico Bondioli,False,2.2,16.363636363636363,0.0163636363636363,0.6011106967926025,0.4545454545454545,0.146565242247148,0.05,19.63636363636364,16.363636363636363,1000.0,v1.2.1,settled,win,19.63636363636364,1076.909090909091,2026-07-10 01:39:37,2026-07-09,,Auto-settled from Tennis Abstract | score=5-7 0-6
bet_20260709_092658_8,session_20260709_085012,2026-07-09 09:27:41,Challenger - Trieste (4),Nikolas Sanchez-Izquierdo vs Alex Barrena,match_eb08d789c319b16c184e,feat_43a2d3f8597e440bfe90,run_20260709T085012Z,Alex Barrena,False,2.3,16.363636363636363,0.0163636363636363,0.4807292222976684,0.4347826086956522,0.0459466136020162,0.05,21.27272727272727,16.363636363636363,1000.0,v1.2.1,settled,loss,-16.363636363636363,1002.632090906698,2026-07-10 20:10:57,2026-07-09,,Auto-settled from Tennis Abstract | score=6-4 6-3
bet_20260709_092658_9,session_20260709_085012,2026-07-09 09:27:41,Challenger - Trieste (4),Andrea Guerrieri vs Hugo Dellien,match_0a2174f7930e9c6b8658,feat_7f774ce000bd75bd25f2,run_20260709T085012Z,Andrea Guerrieri,True,2.15,16.363636363636363,0.0163636363636363,0.566176176071167,0.4651162790697674,0.1010598970013995,0.05,18.818181818181817,16.363636363636363,1000.0,v1.2.1,settled,loss,-16.363636363636363,918.181818181818,2026-07-10 08:18:38,2026-07-09,,Auto-settled from Tennis Abstract | score=1-6 2-6
bet_20260709_203933_0,session_20260709_203635,2026-07-09 20:39:41,Challenger - Newport (2),Jacob Fearnley vs Stefan Kozlov,match_2717b652c94c882d62d0,feat_bfc54905cdb5f2c7a3a7,run_20260709T203635Z,Stefan Kozlov,False,4.15,180.0,0.18,0.390078067779541,0.2409638554216867,0.1491142123578543,0.05,567.0000000000001,180.0,1000.0,v1.2.1,settled,loss,-180.0,820.0,2026-07-10 18:20:09,2026-07-09,,Auto-settled from Tennis Abstract | score=3-6 6-3 6-2
bet_20260709_210222_0,session_20260709_205737,2026-07-09 21:02:34,Challenger - Newport (2),Garrett Johns vs Darwin Blanch,match_9fc4b01b8656dc502483,feat_82043498d5f8a0684135,run_20260709T205737Z,Garrett Johns,True,4.4,90.0,0.09,0.3503581881523132,0.2272727272727272,0.1230854608795859,0.05,306.00000000000006,90.0,1000.0,v1.2.2,settled,loss,-90.0,828.181818181818,2026-07-10 08:18:38,2026-07-09,,Auto-settled from Tennis Abstract | score=7-5 3-6 3-6
bet_20260709_215513_0,session_20260709_215011,2026-07-09 21:55:19,Challenger - Newport (1),Jacob Fearnley vs Stefan Kozlov,match_64cbc1685cde82f9726e,feat_b0428f12e1771e11a552,run_20260709T215011Z,Stefan Kozlov,False,4.15,180.0,0.18,0.390078067779541,0.2409638554216867,0.1491142123578543,0.05,567.0000000000001,180.0,1000.0,v1.2.2,pending,,,,,2026-07-09,,
bet_20260709_221841_0,session_20260709_221100,2026-07-09 22:18:56,Challenger - Nottingham (2),Clement Chidekh vs Ivan Ivanov,match_b10bec90766edf699724,feat_148b5b0acf67c3f08456,run_20260709T221100Z,Clement Chidekh,True,1.606060606060606,60.0,0.06,0.6838140487670898,0.6226415094339623,0.0611725393331274,0.05,36.36363636363636,60.0,1000.0,v1.2.2,pending,,,,,2026-07-10,,
bet_20260709_221841_1,session_20260709_221100,2026-07-09 22:18:56,Challenger - Nottingham (2),Yi Zhou vs Alastair Gray,match_34ab06f8e5fb0c4769ab,feat_dca3134e85a7f494e7d7,run_20260709T221100Z,Yi Zhou,True,2.2,60.0,0.06,0.5401087403297424,0.4545454545454545,0.0855632857842879,0.05,72.00000000000001,60.0,1000.0,v1.2.2,pending,,,,,2026-07-10,,
bet_20260709_221841_2,session_20260709_221100,2026-07-09 22:18:56,Challenger - Braunschweig (2),Laslo Djere vs Daniel Rincon,match_170ee735204a8f91a5a3,feat_cf7fa3d9f61795570f68,run_20260709T221100Z,Daniel Rincon,False,3.2,60.0,0.06,0.5602749288082123,0.3125,0.2477749288082122,0.05,132.0,60.0,1000.0,v1.2.2,pending,,,,,2026-07-10,,
bet_20260709_234450_0,session_20260709_234034,2026-07-09 23:45:27,Challenger - Nottingham (4),Clement Chidekh vs Ivan Ivanov,match_a25425bf12bc8fba30da,feat_111446136761dedb47f3,run_20260709T234034Z,Clement Chidekh,True,1.6451612903225803,36.0,0.036,0.6838140487670898,0.607843137254902,0.0759709115121878,0.05,23.225806451612897,36.0,1000.0,v1.2.2,pending,,,,,2026-07-10,,
bet_20260709_234450_1,session_20260709_234034,2026-07-09 23:45:27,Challenger - Nottingham (4),Johannus Monday vs Henry Searle,match_7e23229cf28fa87a3bad,feat_965d3df4a6d82c456d3c,run_20260709T234034Z,Johannus Monday,True,2.9,36.0,0.036,0.5025734305381775,0.3448275862068966,0.1577458443312809,0.05,68.39999999999999,36.0,1000.0,v1.2.2,pending,,,,,2026-07-10,,
bet_20260709_234450_2,session_20260709_234034,2026-07-09 23:45:27,Challenger - Nottingham (4),Max Basing vs Felix Gill,match_55ec807797206cceb04a,feat_f7dfb0da776fcec68349,run_20260709T234034Z,Max Basing,True,2.2,36.0,0.036,0.557679295539856,0.4545454545454545,0.1031338409944014,0.05,43.2,36.0,1000.0,v1.2.2,pending,,,,,2026-07-10,,
bet_20260709_234450_3,session_20260709_234034,2026-07-09 23:45:27,Challenger - Braunschweig (3),Laslo Djere vs Daniel Rincon,match_9d0b98e18c93ceec001c,feat_6a4f30e18529d241c356,run_20260709T234034Z,Daniel Rincon,False,3.2,36.0,0.036,0.5602749288082123,0.3125,0.2477749288082122,0.05,79.2,36.0,1000.0,v1.2.2,pending,,,,,2026-07-10,,
bet_20260709_234450_4,session_20260709_234034,2026-07-09 23:45:27,Challenger - Iasi (2),Maks Kasnikowski vs Jerome Kym,match_d30ff8f6932a25db30c3,feat_a5a2734ae09f45e8c269,run_20260709T234034Z,Jerome Kym,False,1.7692307692307692,36.0,0.036,0.6082554459571838,0.5652173913043479,0.0430380546528359,0.05,27.69230769230769,36.0,1000.0,v1.2.2,pending,,,,,2026-07-10,,
bet_20260710_000959_1,session_20260710_000425,2026-07-10 00:10:36,Challenger - Nottingham (4),Yi Zhou vs Alastair Gray,match_254bf9d2249857a27279,feat_158895d90c1d4a659a90,run_20260710T000425Z,Yi Zhou,True,2.2,25.71428571428571,0.0257142857142857,0.5401087403297424,0.4545454545454545,0.0855632857842879,0.05,30.857142857142858,25.71428571428571,1000.0,v1.2.2,pending,,,,,2026-07-10,,
bet_20260710_000959_6,session_20260710_000425,2026-07-10 00:10:36,Challenger - Liege (2),Jack Loge vs Lorenzo Giustino,match_b85fe4af688695aeb699,feat_3f02409ca2884a3db052,run_20260710T000425Z,Jack Loge,True,3.3,25.71428571428571,0.0257142857142857,0.3914165496826172,0.303030303030303,0.0883862466523141,0.05,59.14285714285713,25.71428571428571,1000.0,v1.2.2,pending,,,,,2026-07-10,,
bet_20260710_002235_4,session_20260710_001603,2026-07-10 00:23:58,Challenger - Braunschweig (4),Laslo Djere vs Daniel Rincon,match_55f37b6552867b4b96a5,feat_8613c13feb6656149df5,run_20260710T001603Z,Daniel Rincon,False,3.2,18.0,0.018,0.5602749288082123,0.3125,0.2477749288082122,0.05,39.6,18.0,1000.0,v1.2.2,pending,,,,,2026-07-10,,
bet_20260710_002235_5,session_20260710_001603,2026-07-10 00:23:58,Challenger - Braunschweig (4),Hugo Gaston vs Marvin Moeller,match_901766603e06b50fda38,feat_bb4b5dfd9c6891a4fa41,run_20260710T001603Z,Marvin Moeller,False,3.25,18.0,0.018,0.4154297113418579,0.3076923076923077,0.1077374036495502,0.05,40.5,18.0,1000.0,v1.2.2,pending,,,,,2026-07-10,,
bet_20260710_002235_7,session_20260710_001603,2026-07-10 00:23:58,Challenger - Liege (3),Jack Loge vs Lorenzo Giustino,match_51b9eb885e4b8038c909,feat_f883d56321cd577f598a,run_20260710T001603Z,Jack Loge,True,3.3,18.0,0.018,0.3914165496826172,0.303030303030303,0.0883862466523141,0.05,41.4,18.0,1000.0,v1.2.2,pending,,,,,2026-07-10,,
bet_20260710_002235_8,session_20260710_001603,2026-07-10 00:23:58,Challenger - Liege (3),Kimmer Coppejans vs Guy den Ouden,match_caa58e57d68f006ec322,feat_7ddb9d5a93d964713321,run_20260710T001603Z,Guy den Ouden,False,2.0,18.0,0.018,0.5669567883014679,0.5,0.0669567883014679,0.05,18.0,18.0,1000.0,v1.2.2,pending,,,,,2026-07-10,,
bet_20260710_002235_9,session_20260710_001603,2026-07-10 00:23:58,Challenger - Trieste (1),Lukas Neumayer vs Henri Squire,match_bc8fbb77512ae473b778,feat_2a732d9fc6d919300f59,run_20260710T001603Z,Henri Squire,False,2.85,18.0,0.018,0.4997959733009338,0.3508771929824561,0.1489187803184777,0.05,33.300000000000004,18.0,1000.0,v1.2.2,pending,,,,,2026-07-10,,
bet_20260710_015306_4,session_20260710_013750,2026-07-10 01:55:46,Challenger - Braunschweig (4),Jan Choinski vs Diego Dedura,match_1e66892207855252549a,feat_2c0bd075c8bdc39e8ee2,run_20260710T013750Z,Jan Choinski,True,1.7692307692307692,7.939627788029318,0.0079396277880293,0.8471307158470154,0.5652173913043479,0.2819133245426675,0.05,6.107405990791783,7.939627788029318,1000.0,v1.2.2,pending,,,,,2026-07-10,,
bet_20260710_015306_11,session_20260710_013750,2026-07-10 01:55:46,ITF Men's - ITF Men Tokyo (4),Matthew Dellavedova vs Taiyo Yamanaka,match_ec358c92da1b8278c178,feat_95b9fd827f29b22d0521,run_20260710T013750Z,Taiyo Yamanaka,False,6.0,7.939627788029318,0.0079396277880293,0.2603226900100708,0.1666666666666666,0.0936560233434041,0.05,39.69813894014659,7.939627788029318,1000.0,v1.2.2,pending,,,,,2026-07-10,,
bet_20260710_015306_12,session_20260710_013750,2026-07-10 01:55:46,ITF Men's - ITF Men Tokyo (4),Koki Matsuda vs Makoto Ochi,match_95707833cb6c8a351dfe,feat_20a0d3202792db0baf72,run_20260710T013750Z,Makoto Ochi,False,3.5,7.939627788029318,0.0079396277880293,0.3360374569892883,0.2857142857142857,0.0503231712750026,0.05,19.849069470073296,7.939627788029318,1000.0,v1.2.2,pending,,,,,2026-07-10,,
bet_20260710_015306_13,session_20260710_013750,2026-07-10 01:55:46,ITF Men's - ITF Men Bucharest (4),Niccolo Catini vs Ilya Snitari,match_fdae0e45446fe800f701,feat_60a77a02e758783e9b87,run_20260710T013750Z,Niccolo Catini,True,5.5,7.939627788029318,0.0079396277880293,0.3578790128231048,0.1818181818181818,0.176060831004923,0.05,35.72832504613193,7.939627788029318,1000.0,v1.2.2,pending,,,,,2026-07-10,,
bet_20260710_015306_14,session_20260710_013750,2026-07-10 01:55:46,ITF Men's - ITF Men Hillcrest (4),Charlie Robertson vs Alec Deckers,match_88666928fa862c303399,feat_204c701278c7bca5f011,run_20260710T013750Z,Alec Deckers,False,1.5405405405405406,7.939627788029318,0.0079396277880293,0.6790851056575775,0.6491228070175439,0.0299622986400336,0.05,4.291690696232064,7.939627788029318,1000.0,v1.2.2,pending,,,,,2026-07-10,,
bet_20260710_015306_15,session_20260710_013750,2026-07-10 01:55:46,ITF Men's - ITF Men Hillcrest (4),Alexander Zgirovsky vs Ofek Shimanov,match_d55c971ebadf97eebf34,feat_6f3e8d5f6cbfdeb82c2e,run_20260710T013750Z,Alexander Zgirovsky,True,2.2,7.939627788029318,0.0079396277880293,0.5611901879310608,0.4545454545454545,0.1066447333856062,0.05,9.527553345635184,7.939627788029318,1000.0,v1.2.2,pending,,,,,2026-07-10,,
bet_20260710_015306_16,session_20260710_013750,2026-07-10 01:55:46,ITF Men's - ITF Men Hillcrest (4),Zsombor Velcz vs Khololwam Montsi,match_0e30c5500f8fe77244d4,feat_cb31fd47ec1c8ed8dd30,run_20260710T013750Z,Zsombor Velcz,True,3.85,7.939627788029318,0.0079396277880293,0.4160143435001373,0.2597402597402597,0.1562740837598776,0.05,22.62793919588356,7.939627788029318,1000.0,v1.2.2,pending,,,,,2026-07-10,,
bet_20260710_015306_17,session_20260710_013750,2026-07-10 01:55:46,ITF Men's - ITF Men Roda de Bara (2),Dan Added vs Oliver Crawford,match_7a9356b836000ddd826b,feat_5f7552b8aff6ca46a57e,run_20260710T013750Z,Dan Added,True,2.65,7.939627788029318,0.0079396277880293,0.4397250711917877,0.3773584905660377,0.0623665806257499,0.05,13.100385850248374,7.939627788029318,1000.0,v1.2.2,settled,loss,-7.939627788029318,992.0603722119708,2026-07-10 20:49:37,2026-07-10,,Auto-settled from Tennis Abstract | score=3-6 4-6
bet_20260710_015306_18,session_20260710_013750,2026-07-10 01:55:46,ITF Men's - ITF Men Lodz (4),Vladyslav Orlov vs Petros Tsitsipas,match_ce5f54e743a37cabaa60,feat_d98a32d64c8dd7ef50ae,run_20260710T013750Z,Petros Tsitsipas,False,4.35,5.3281886633549975,0.0053281886633549,0.2557258009910583,0.2298850574712644,0.0258407435197939,0.033554398301822,17.849432022239238,5.3281886633549975,1000.0,v1.2.2,settled,loss,-5.3281886633549975,994.671811336645,2026-07-10 20:11:36,2026-07-10,,Auto-settled from Tennis Abstract | score=6-4 6-2
bet_20260710_015306_19,session_20260710_013750,2026-07-10 01:55:46,ITF Men's - ITF Men Wuning (4),Hanyi Liu vs Hoyoung Roh,match_fac5f4e9da3471dff7ad,feat_7dae3c8c95728c1d5124,run_20260710T013750Z,Hanyi Liu,True,2.9,7.939627788029318,0.0079396277880293,0.3940893411636352,0.3448275862068966,0.0492617549567386,0.05,15.085292797255704,7.939627788029318,1000.0,v1.2.2,settled,loss,-7.939627788029318,986.7321835486156,2026-07-10 20:11:44,2026-07-10,,Auto-settled from Tennis Abstract | score=6-4 3-6 5-7
bet_20260710_015306_20,session_20260710_013750,2026-07-10 01:55:46,ITF Men's - ITF Men Kassel (3),Daniel Siniakov vs Adrian Oetzbach,match_1ccc7a954b41bb266127,feat_0813368be1541c0ea577,run_20260710T013750Z,Adrian Oetzbach,False,3.5,7.939627788029318,0.0079396277880293,0.3882609009742737,0.2857142857142857,0.1025466152599879,0.05,19.849069470073296,7.939627788029318,1000.0,v1.2.2,settled,win,19.849069470073296,1019.8490694700732,2026-07-10 22:22:32,2026-07-10,,Auto-settled from Tennis Abstract | score=6-2 6(5)-7 3-6
bet_20260710_015306_21,session_20260710_013750,2026-07-10 01:55:46,ITF Men's - ITF Men Kassel (3),Dominik Recek vs Giorgio Tabacco,match_88a8be6dc0a5ccff6000,feat_a8bd4724ab8d9d11abf1,run_20260710T013750Z,Giorgio Tabacco,False,1.8,7.939627788029318,0.0079396277880293,0.619446337223053,0.5555555555555556,0.0638907816674974,0.05,6.351702230423455,7.939627788029318,1000.0,v1.2.2,settled,loss,-7.939627788029318,1011.909441682044,2026-07-10 22:22:32,2026-07-10,,Auto-settled from Tennis Abstract | score=7-6(2) 6-3
bet_20260710_015306_22,session_20260710_013750,2026-07-10 01:55:46,ITF Men's - ITF Men The Hague (3),Jakub Nicod vs Pieter de Lange,match_77a8a414bbdddd262122,feat_ff6cd04b89ff66c28607,run_20260710T013750Z,Jakub Nicod,True,1.3174603174603174,7.939627788029318,0.0079396277880293,0.7986937165260315,0.7590361445783133,0.0396575719477182,0.05,2.520516758104545,7.939627788029318,1000.0,v1.2.2,pending,,,,,2026-07-10,,
bet_20260710_043148_7,session_20260710_041911,2026-07-10 04:35:04,Challenger - Iasi (4),Valentin Royer vs Taro Daniel,match_5b084a19dfe35b2471f5,feat_882fd98588ec6e6d704e,run_20260710T041910Z,Valentin Royer,True,1.6451612903225803,9.0,0.009,0.6734302639961243,0.607843137254902,0.0655871267412222,0.05,5.806451612903224,9.0,1000.0,v1.2.2,pending,,,,,2026-07-10,,
bet_20260710_043148_8,session_20260710_041911,2026-07-10 04:35:04,Challenger - Trieste (3),Lukas Neumayer vs Henri Squire,match_8fbb55ecf5e7f064a35f,feat_67bbb4e1728a26b6607c,run_20260710T041910Z,Henri Squire,False,2.85,9.0,0.009,0.4997959733009338,0.3508771929824561,0.1489187803184777,0.05,16.650000000000002,9.0,1000.0,v1.2.2,pending,,,,,2026-07-10,,
bet_20260710_043148_9,session_20260710_041911,2026-07-10 04:35:04,Challenger - Trieste (3),Raul Brancaccio vs Matej Dodig,match_65363ccb709f4ba6bd67,feat_4731b45fc88287992224,run_20260710T041910Z,Matej Dodig,False,1.6896551724137931,9.0,0.009,0.625978022813797,0.5918367346938775,0.0341412881199194,0.05,6.206896551724139,9.0,1000.0,v1.2.2,pending,,,,,2026-07-10,,
bet_20260710_043148_10,session_20260710_041911,2026-07-10 04:35:04,Challenger - Bogota (3),Facundo Mena vs Lorenzo Claverie,match_e578be2538327bf00334,feat_a02921896ec67295ad89,run_20260710T041910Z,Lorenzo Claverie,False,2.65,9.0,0.009,0.5509538352489471,0.3773584905660377,0.1735953446829093,0.05,14.85,9.0,1000.0,v1.2.2,pending,,,,,2026-07-10,,
bet_20260710_043148_11,session_20260710_041911,2026-07-10 04:35:04,Challenger - Bogota (3),Juan Pablo Varillas vs Matheus Pucinelli de Almeida,match_0f9d9729a7f4154a206f,feat_66dd25d3260a17946c7e,run_20260710T041910Z,Juan Pablo Varillas,True,2.5,9.0,0.009,0.450209766626358,0.4,0.050209766626358,0.05,13.5,9.0,1000.0,v1.2.2,settled,win,13.5,1018.9957272703344,2026-07-10 20:10:13,2026-07-10,,Auto-settled from Tennis Abstract | score=6-3 7-6(4)
bet_20260710_043148_17,session_20260710_041911,2026-07-10 04:35:04,ITF Men's - ITF Men Kassel (4),Daniel Siniakov vs Adrian Oetzbach,match_47fc0df0dacd73632368,feat_8619b613c59b01c3ec24,run_20260710T041910Z,Adrian Oetzbach,False,3.5,9.0,0.009,0.3882609009742737,0.2857142857142857,0.1025466152599879,0.05,22.5,9.0,1000.0,v1.2.2,pending,,,,,2026-07-10,,
bet_20260710_043148_18,session_20260710_041911,2026-07-10 04:35:04,ITF Men's - ITF Men Kassel (4),Dominik Recek vs Giorgio Tabacco,match_8a3bf53536d1f4efc8d9,feat_f77e1619a81de321e54d,run_20260710T041910Z,Giorgio Tabacco,False,1.8,9.0,0.009,0.619446337223053,0.5555555555555556,0.0638907816674974,0.05,7.2,9.0,1000.0,v1.2.2,pending,,,,,2026-07-10,,
bet_20260710_043148_19,session_20260710_041911,2026-07-10 04:35:04,ITF Men's - ITF Men San Salvador de Jujuy (3),Enzo Kohlmann de Freitas vs Thiago Cigarran,match_f55fc3434719a159a6a9,feat_3f38c3f8452cd43b9686,run_20260710T041910Z,Thiago Cigarran,False,2.3,9.0,0.009,0.5221897959709167,0.4347826086956522,0.0874071872752645,0.05,11.7,9.0,1000.0,v1.2.2,settled,win,11.7,1011.7,2026-07-10 23:45:18,2026-07-10,,Auto-settled from Tennis Abstract | score=4-6 6-3 6(5)-7
bet_20260710_045247_7,session_20260710_044225,2026-07-10 04:56:14,Challenger - Iasi (4),Maks Kasnikowski vs Jerome Kym,match_5b88415e25ee3b7e6f07,feat_2a3dfb98a48e36ea579f,run_20260710T044225Z,Jerome Kym,False,1.7407407407407407,9.473684210526317,0.0094736842105263,0.6082554459571838,0.574468085106383,0.0337873608508008,0.05,7.0175438596491215,9.473684210526317,1000.0,v1.2.2,pending,,,,,2026-07-10,,
bet_20260710_045247_8,session_20260710_044225,2026-07-10 04:56:14,Challenger - Iasi (4),Titouan Droguet vs Gustavo Heide,match_bfc27113113578e4d592,feat_241ea213a46b36f397af,run_20260710T044225Z,Gustavo Heide,False,2.1,9.473684210526317,0.0094736842105263,0.5364142656326294,0.4761904761904761,0.0602237894421532,0.05,10.421052631578949,9.473684210526317,1000.0,v1.2.2,pending,,,,,2026-07-10,,
bet_20260710_045247_10,session_20260710_044225,2026-07-10 04:56:14,Challenger - Liege (4),Jack Loge vs Lorenzo Giustino,match_9ef5e45b073b7a841da1,feat_3e0eaab0c1bbac726a12,run_20260710T044225Z,Jack Loge,True,3.25,9.473684210526317,0.0094736842105263,0.3914165496826172,0.3076923076923077,0.0837242419903094,0.05,21.31578947368421,9.473684210526317,1000.0,v1.2.2,pending,,,,,2026-07-10,,
bet_20260710_045247_11,session_20260710_044225,2026-07-10 04:56:14,Challenger - Liege (4),Florian Broska vs Felix Balshaw,match_158b321faca1b76f1c86,feat_0130ac3c5e83560896fe,run_20260710T044225Z,Florian Broska,True,3.75,9.473684210526317,0.0094736842105263,0.3801739513874054,0.2666666666666666,0.1135072847207387,0.05,26.052631578947366,9.473684210526317,1000.0,v1.2.2,pending,,,,,2026-07-10,,
bet_20260710_082818_0,session_20260710_081558,2026-07-10 08:30:36,Wimbledon - Men's Singles (2),Jannik Sinner vs Novak Djokovic,match_ee976738ccc1ecfb1b3a,feat_2dcf8fbc5dd9cbbf7ca2,run_20260710T081558Z,Novak Djokovic,False,4.75,3.901926970234597,0.0039019269702345,0.2321047782897949,0.2105263157894736,0.0215784625003212,0.0273327191670735,14.63222613837974,3.901926970234597,1000.0,v1.2.2,pending,,,,,2026-07-10,,
bet_20260710_082818_12,session_20260710_081558,2026-07-10 08:30:36,Challenger - Trieste (4),Lukas Neumayer vs Henri Squire,match_6e9aaf5f9f74c2a45f47,feat_b601f1deaaf0f8848390,run_20260710T081558Z,Henri Squire,False,2.85,7.137831670504015,0.007137831670504,0.4997959733009338,0.3508771929824561,0.1489187803184777,0.05,13.204988590432428,7.137831670504015,1000.0,v1.2.2,pending,,,,,2026-07-10,,
bet_20260710_082818_13,session_20260710_081558,2026-07-10 08:30:36,Challenger - Trieste (4),Raul Brancaccio vs Matej Dodig,match_b7289a18a113efad6784,feat_5e7b05ff9a198fe7627a,run_20260710T081558Z,Matej Dodig,False,1.6896551724137931,7.137831670504015,0.007137831670504,0.625978022813797,0.5918367346938775,0.0341412881199194,0.05,4.922642531382079,7.137831670504015,1000.0,v1.2.2,pending,,,,,2026-07-10,,
bet_20260710_082818_14,session_20260710_081558,2026-07-10 08:30:36,Challenger - Trieste (4),Henry Bernet vs Federico Bondioli,match_ce09cec82c01c92f0304,feat_31d7da221dbfbee38668,run_20260710T081558Z,Henry Bernet,True,1.9523809523809523,7.137831670504015,0.007137831670504,0.5406742691993713,0.5121951219512195,0.0284791472481518,0.05,6.797934924289538,7.137831670504015,1000.0,v1.2.2,settled,win,6.797934924289538,971.665118662314,2026-07-13 21:24:26,2026-07-10,,Auto-settled from Tennis Abstract | score=2-6 7-6(8) 6-3
bet_20260710_082818_15,session_20260710_081558,2026-07-10 08:30:36,Challenger - Bogota (4),Facundo Mena vs Lorenzo Claverie,match_fdc7c5cb827b2da50b19,feat_b95b388e001e4f5e0659,run_20260710T081558Z,Lorenzo Claverie,False,2.55,7.137831670504015,0.007137831670504,0.5509538352489471,0.3921568627450981,0.158796972503849,0.05,11.063639089281224,7.137831670504015,1000.0,v1.2.2,pending,,,,,2026-07-10,,
bet_20260710_082818_16,session_20260710_081558,2026-07-10 08:30:36,Challenger - Bogota (4),Juan Pablo Varillas vs Matheus Pucinelli de Almeida,match_6669d8217825b6c3877f,feat_b4af848c3e92841b0bb5,run_20260710T081558Z,Juan Pablo Varillas,True,2.55,7.137831670504015,0.007137831670504,0.450209766626358,0.3921568627450981,0.0580529038812599,0.05,11.063639089281224,7.137831670504015,1000.0,v1.2.2,pending,,,,,2026-07-10,,
bet_20260710_082818_17,session_20260710_081558,2026-07-10 08:30:36,ITF Men's - ITF Men Hillcrest (3),Alexander Zgirovsky vs Ofek Shimanov,match_879512c99bc46f8d6885,feat_62d9591d37b73a26a4b5,run_20260710T081558Z,Alexander Zgirovsky,True,2.25,7.137831670504015,0.007137831670504,0.5611901879310608,0.4444444444444444,0.1167457434866163,0.05,8.922289588130019,7.137831670504015,1000.0,v1.2.2,pending,,,,,2026-07-10,,
bet_20260710_082818_18,session_20260710_081558,2026-07-10 08:30:36,ITF Men's - ITF Men Hillcrest (3),Zsombor Velcz vs Khololwam Montsi,match_8945b245ee319e08413c,feat_d14a50250eb41acefab2,run_20260710T081558Z,Zsombor Velcz,True,3.85,7.137831670504015,0.007137831670504,0.4160143435001373,0.2597402597402597,0.1562740837598776,0.05,20.342820260936445,7.137831670504015,1000.0,v1.2.2,pending,,,,,2026-07-10,,
bet_20260710_082818_19,session_20260710_081558,2026-07-10 08:30:36,ITF Men's - ITF Men Lodz (2),Vladyslav Orlov vs Petros Tsitsipas,match_c38e9904b90ee60aef4d,feat_b4bcd26b0564785faa64,run_20260710T081558Z,Petros Tsitsipas,False,4.35,4.790112937669028,0.004790112937669,0.2557258009910583,0.2298850574712644,0.0258407435197939,0.033554398301822,16.046878341191242,4.790112937669028,1000.0,v1.2.2,pending,,,,,2026-07-10,,
bet_20260710_082818_22,session_20260710_081558,2026-07-10 08:30:36,ITF Men's - ITF Men Kassel (4),Max Wiskandt vs Anton Matusevich,match_36b215807bcdcf700a81,feat_b1648b0f6e76c4e1cb1d,run_20260710T081558Z,Anton Matusevich,False,2.05,7.137831670504015,0.007137831670504,0.5602749288082123,0.4878048780487805,0.0724700507594317,0.05,7.494723254029215,7.137831670504015,1000.0,v1.2.2,settled,loss,-7.137831670504015,1004.77161001154,2026-07-10 22:22:32,2026-07-10,,Auto-settled from Tennis Abstract | score=2-6 6-4 7-6(4)
bet_20260710_082818_23,session_20260710_081558,2026-07-10 08:30:36,ITF Men's - ITF Men The Hague (4),Jakub Nicod vs Pieter de Lange,match_842e102994b0eeb05221,feat_5593ad2cfffa86c8b576,run_20260710T081558Z,Jakub Nicod,True,1.2857142857142856,7.137831670504015,0.007137831670504,0.7986937165260315,0.7777777777777779,0.0209159387482535,0.05,2.0393804772868607,7.137831670504015,1000.0,v1.2.2,pending,,,,,2026-07-10,,
bet_20260710_082818_24,session_20260710_081558,2026-07-10 08:30:36,ITF Men's - ITF Men Rancho Santa Fe (4),Reece Falck vs Emon van Loben Sels,match_3b52f7ae9263cd80836e,feat_53d2d31016653bd6108b,run_20260710T081558Z,Reece Falck,True,3.6,7.137831670504015,0.007137831670504,0.3975243866443634,0.2777777777777778,0.1197466088665856,0.05,18.55836234331044,7.137831670504015,1000.0,v1.2.2,settled,loss,-7.137831670504015,992.862168329496,2026-07-11 04:51:04,2026-07-10,,Auto-settled from Tennis Abstract | score=1-6 5-7
bet_20260710_082818_25,session_20260710_081558,2026-07-10 08:30:36,ITF Men's - ITF Men Rancho Santa Fe (4),Spencer Johnson vs Ronald Hohmann,match_3248476daaa4e80868b8,feat_eda62ef08e82ea6f0d06,run_20260710T081558Z,Ronald Hohmann,False,4.5,7.137831670504015,0.007137831670504,0.3511907458305359,0.2222222222222222,0.1289685236083136,0.05,24.98241084676405,7.137831670504015,1000.0,v1.2.2,settled,loss,-7.137831670504015,985.724336658992,2026-07-11 04:51:04,2026-07-10,,Auto-settled from Tennis Abstract | score=6-2 6-4
bet_20260710_113043_2,session_20260710_112249,2026-07-10 11:32:34,Challenger - Braunschweig (2),Hugo Gaston vs Marvin Moeller,match_2c62cf0b8e49612e15f7,feat_ed0b7306ada79ae8d6b2,run_20260710T112249Z,Marvin Moeller,False,2.9,10.167095450118811,0.0101670954501188,0.4154297113418579,0.3448275862068966,0.0706021251349613,0.05,19.31748135522574,10.167095450118811,1000.0,v1.2.2,pending,,,,,2026-07-10,,
bet_20260710_113043_3,session_20260710_112249,2026-07-10 11:32:34,ITF Men's - ITF Men Kassel (2),Max Wiskandt vs Anton Matusevich,match_21a4f9051d0c1a795fce,feat_d15b1706cc1332582fcf,run_20260710T112249Z,Anton Matusevich,False,1.869565217391304,10.167095450118811,0.0101670954501188,0.5602749288082123,0.5348837209302326,0.0253912078779796,0.05,8.840952565320704,10.167095450118811,1000.0,v1.2.2,settled,loss,-10.167095450118811,994.6045145614212,2026-07-10 22:22:32,2026-07-10,,Auto-settled from Tennis Abstract | score=2-6 6-4 7-6(4)
bet_20260710_113043_6,session_20260710_112249,2026-07-10 11:32:34,Challenger - Nottingham (2),Johannus Monday vs Henry Searle,match_845fe450fd69ae7e632e,feat_4843cfc90fb2bdb4203c,run_20260710T112249Z,Johannus Monday,True,3.0,10.167095450118811,0.0101670954501188,0.5025734305381775,0.3333333333333333,0.1692400972048441,0.05,20.334190900237623,10.167095450118811,1000.0,v1.2.2,pending,,,,,2026-07-10,,
bet_20260710_113043_7,session_20260710_112249,2026-07-10 11:32:34,Challenger - Nottingham (2),Max Basing vs Felix Gill,match_ca566893e08bb254f502,feat_8dc8082735eeb20c7e78,run_20260710T112249Z,Max Basing,True,2.2,10.167095450118811,0.0101670954501188,0.5576792359352112,0.4545454545454545,0.1031337813897566,0.05,12.200514540142576,10.167095450118811,1000.0,v1.2.2,pending,,,,,2026-07-10,,
bet_20260710_113043_8,session_20260710_112249,2026-07-10 11:32:34,Challenger - Iasi (3),Titouan Droguet vs Gustavo Heide,match_a0e214c12c94eb00fdb4,feat_8712588e7b783b27d779,run_20260710T112249Z,Gustavo Heide,False,2.15,10.167095450118811,0.0101670954501188,0.5364142656326294,0.4651162790697674,0.0712979865628619,0.05,11.692159767636632,10.167095450118811,1000.0,v1.2.2,pending,,,,,2026-07-10,,
bet_20260710_113043_9,session_20260710_112249,2026-07-10 11:32:34,Challenger - Iasi (3),Valentin Royer vs Taro Daniel,match_c82a3ceaaafe0c263f91,feat_02763b4ed1f8da3c6587,run_20260710T112249Z,Valentin Royer,True,1.6451612903225803,10.167095450118811,0.0101670954501188,0.6734302639961243,0.607843137254902,0.0655871267412222,0.05,6.55941641943149,10.167095450118811,1000.0,v1.2.2,pending,,,,,2026-07-10,,
bet_20260710_113043_13,session_20260710_112249,2026-07-10 11:32:34,Challenger - Newport (3),Arthur Gea vs Adam Walton,match_1fc25974b8fa96f266e8,feat_e22dea598f084492e892,run_20260710T112249Z,Adam Walton,False,1.5405405405405406,10.167095450118811,0.0101670954501188,0.6700216233730316,0.6491228070175439,0.0208988163554877,0.05,5.495727270334493,10.167095450118811,1000.0,v1.2.2,settled,win,5.495727270334493,1005.4957272703344,2026-07-10 20:09:41,2026-07-10,,Auto-settled from Tennis Abstract | score=6-4 6-4
bet_20260710_113043_15,session_20260710_112249,2026-07-10 11:32:34,ITF Men's - ITF Men San Salvador de Jujuy (4),Enzo Kohlmann de Freitas vs Thiago Cigarran,match_03b1450b90428c1459ec,feat_45dc4fdb232d6be5fa2c,run_20260710T112249Z,Thiago Cigarran,False,2.35,10.167095450118811,0.0101670954501188,0.5221897959709167,0.425531914893617,0.0966578810772997,0.05,13.725578857660397,10.167095450118811,1000.0,v1.2.2,pending,,,,,2026-07-10,,
bet_20260710_113043_16,session_20260710_112249,2026-07-10 11:32:34,ITF Men's - ITF Men San Salvador de Jujuy (4),Juan Estevez vs Felipe de Dios,match_d8283b66b1cc9544b1dd,feat_98f2821a18fb7c5654d2,run_20260710T112249Z,Felipe de Dios,False,13.0,10.167095450118811,0.0101670954501188,0.1819626092910766,0.0769230769230769,0.1050395323679997,0.05,122.00514540142574,10.167095450118811,1000.0,v1.2.2,settled,loss,-10.167095450118811,989.8329045498812,2026-07-11 01:02:48,2026-07-10,,Auto-settled from Tennis Abstract | score=6-0 6-0
bet_20260710_113043_17,session_20260710_112249,2026-07-10 11:32:34,ITF Men's - ITF Men Dallas (4),Aidan Kim vs Bruno Kuzuhara,match_3c77bc7564cb9983f486,feat_6dbd6742e029afee27ff,run_20260710T112249Z,Bruno Kuzuhara,False,2.4,10.167095450118811,0.0101670954501188,0.5602749288082123,0.4166666666666667,0.1436082621415456,0.05,14.233933630166336,10.167095450118811,1000.0,v1.2.2,pending,,,,,2026-07-10,,
bet_20260710_140004_2,session_20260710_134750,2026-07-10 14:01:45,Challenger - Trieste (3),Henry Bernet vs Federico Bondioli,match_daeb82d3ecef2b919cd8,feat_1059177bbbda02e6df00,run_20260710T134750Z,Henry Bernet,True,2.05,16.815874305683025,0.016815874305683,0.5406742691993713,0.4878048780487805,0.0528693911505908,0.05,17.656668020967174,16.815874305683025,1000.0,v1.2.2,pending,,,,,2026-07-10,,
bet_20260710_140004_5,session_20260710_134750,2026-07-10 14:01:45,Challenger - Iasi (2),Titouan Droguet vs Gustavo Heide,match_d55231868cd1d63989a5,feat_d97ca0e4f1047c329612,run_20260710T134750Z,Gustavo Heide,False,2.05,16.815874305683025,0.016815874305683,0.5364142656326294,0.4878048780487805,0.0486093875838488,0.05,17.656668020967174,16.815874305683025,1000.0,v1.2.2,pending,,,,,2026-07-10,,
bet_20260710_140004_6,session_20260710_134750,2026-07-10 14:01:45,Challenger - Iasi (2),Valentin Royer vs Taro Daniel,match_0c869bd27bfa4c162d21,feat_23f84f44aa801656b5f3,run_20260710T134750Z,Valentin Royer,True,1.6451612903225803,16.815874305683025,0.016815874305683,0.6734302639961243,0.607843137254902,0.0655871267412222,0.05,10.848951164956787,16.815874305683025,1000.0,v1.2.2,pending,,,,,2026-07-10,,
bet_20260710_140004_7,session_20260710_134750,2026-07-10 14:01:45,Challenger - Liege (1),Florian Broska vs Felix Balshaw,match_818420ba3c9bfe61d015,feat_2aaaf311e50964e6c109,run_20260710T134750Z,Florian Broska,True,3.55,16.815874305683025,0.016815874305683,0.3801739513874054,0.2816901408450704,0.0984838105423349,0.05,42.88047947949171,16.815874305683025,1000.0,v1.2.2,pending,,,,,2026-07-10,,
bet_20260710_140004_8,session_20260710_134750,2026-07-10 14:01:45,ITF Men's - ITF Men Laval (2),Karl Poling vs Kenta Miyoshi,match_bc3f477e68db66d33037,feat_d5d6ad529dc72e17e4c3,run_20260710T134750Z,Karl Poling,True,2.6,16.815874305683025,0.016815874305683,0.4445874094963074,0.3846153846153846,0.0599720248809227,0.05,26.90539888909284,16.815874305683025,1000.0,v1.2.2,pending,,,,,2026-07-10,,
bet_20260710_151742_0,session_20260710_150558,2026-07-10 15:18:49,Wimbledon - Men's Singles (1),Jannik Sinner vs Novak Djokovic,match_6104f38542af123f2bdd,feat_a8469d4288b1b1a55975,run_20260710T150558Z,Novak Djokovic,False,4.9,16.45223575022346,0.0164522357502234,0.2321047782897949,0.2040816326530612,0.0280231456367337,0.0352085675948705,64.16371942587149,16.45223575022346,1000.0,v1.2.2,pending,,,,,2026-07-10,,
bet_20260710_151742_1,session_20260710_150558,2026-07-10 15:18:49,Challenger - Trieste (2),Henry Bernet vs Federico Bondioli,match_73096a612b755dfc3cb7,feat_7b91c8b9b2509f896c60,run_20260710T150558Z,Henry Bernet,True,2.05,23.36396632139665,0.0233639663213966,0.5406742691993713,0.4878048780487805,0.0528693911505908,0.05,24.53216463746648,23.36396632139665,1000.0,v1.2.2,pending,,,,,2026-07-10,,
bet_20260710_151742_2,session_20260710_150558,2026-07-10 15:18:49,Challenger - Bogota (2),Juan Pablo Varillas vs Matheus Pucinelli de Almeida,match_80c8cccb1c717351cebb,feat_aa29928f6202ed50d74d,run_20260710T150558Z,Juan Pablo Varillas,True,2.55,23.36396632139665,0.0233639663213966,0.450209766626358,0.3921568627450981,0.0580529038812599,0.05,36.2141477981648,23.36396632139665,1000.0,v1.2.2,pending,,,,,2026-07-10,,
bet_20260710_151742_4,session_20260710_150558,2026-07-10 15:18:49,Challenger - Iasi (1),Valentin Royer vs Taro Daniel,match_058073731a5994547283,feat_21d895dcf5428edcf7b1,run_20260710T150558Z,Valentin Royer,True,1.6451612903225803,23.36396632139665,0.0233639663213966,0.6734302639961243,0.607843137254902,0.0655871267412222,0.05,15.073526658965577,23.36396632139665,1000.0,v1.2.2,pending,,,,,2026-07-10,,
bet_20260710_161910_1,session_20260710_161148,2026-07-10 16:19:49,Challenger - Trieste (1),Henry Bernet vs Federico Bondioli,match_666b1507c300e21d917f,feat_051d9485b8ac17019116,run_20260710T161148Z,Henry Bernet,True,2.0,45.0,0.045,0.5406742691993713,0.5,0.0406742691993713,0.05,45.0,45.0,1000.0,v1.2.2,pending,,,,,2026-07-10,,
bet_20260710_172229_2,session_20260710_171229,2026-07-10 17:23:02,ITF Men's - ITF Men Rancho Santa Fe (2),Reece Falck vs Emon van Loben Sels,match_15c439a4d6eda0e8e23a,feat_eebd6b35f60114d0d8fa,run_20260710T171229Z,Reece Falck,True,3.75,30.0,0.03,0.3975243866443634,0.2666666666666666,0.1308577199776967,0.05,82.5,30.0,1000.0,v1.2.2,pending,,,,,2026-07-10,,
bet_20260710_172229_3,session_20260710_171229,2026-07-10 17:23:02,ITF Men's - ITF Men Rancho Santa Fe (2),Spencer Johnson vs Ronald Hohmann,match_e460de0fb60ee067d900,feat_0f0c0092e232e5bfb701,run_20260710T171229Z,Ronald Hohmann,False,4.75,30.0,0.03,0.3511907458305359,0.2105263157894736,0.1406644300410622,0.05,112.5,30.0,1000.0,v1.2.2,pending,,,,,2026-07-10,,
bet_20260710_172229_4,session_20260710_171229,2026-07-10 17:23:02,ITF Men's - ITF Men Tokyo (2),Matthew Dellavedova vs Omar Jasika,match_d3ebc68daa9d01ee4a51,feat_8d98a24e0ec79734a16d,run_20260710T171229Z,Omar Jasika,False,3.0,30.0,0.03,0.5838410258293152,0.3333333333333333,0.2505076924959818,0.05,60.0,30.0,1000.0,v1.2.2,settled,win,60.0,1060.0,2026-07-11 15:43:31,2026-07-11,,Auto-settled from Tennis Abstract | score=3-6 3-6
bet_20260710_172229_5,session_20260710_171229,2026-07-10 17:23:02,ITF Men's - ITF Men Tokyo (2),Naoki Nakagawa vs Koki Matsuda,match_9ed5e3f11410e8eef2ef,feat_adb9f1b572ebb0318fd6,run_20260710T171229Z,Koki Matsuda,False,2.05,30.0,0.03,0.5861171185970306,0.4878048780487805,0.0983122405482501,0.05,31.5,30.0,1000.0,v1.2.2,settled,win,31.5,1091.5,2026-07-11 15:43:31,2026-07-11,,Auto-settled from Tennis Abstract | score=6(12)-7 2-6
bet_20260710_182539_0,session_20260710_181510,2026-07-10 18:25:57,Wimbledon - Men's Singles (1),Jannik Sinner vs Alexander Zverev,match_5cb4aabcd7f50175e6ce,feat_524d0a0f9614b7bb6674,run_20260710T181510Z,Alexander Zverev,False,4.5,45.0,0.045,0.2999315857887268,0.2222222222222222,0.0777093635665046,0.05,157.5,45.0,1000.0,v1.2.2,settled,loss,-45.0,955.0,2026-07-13 21:20:07,2026-07-12,,Auto-settled from Tennis Abstract | score=6(7)-7 7-6(2) 6-3 6-4
bet_20260710_182539_1,session_20260710_181510,2026-07-10 18:25:57,ITF Men's - ITF Men Laval (1),Karl Poling vs Kenta Miyoshi,match_5b68ee3309d2383e4c36,feat_bf3dd28f9941c36b8cdb,run_20260710T181510Z,Karl Poling,True,2.55,45.0,0.045,0.4445874094963074,0.3921568627450981,0.0524305467512092,0.05,69.74999999999999,45.0,1000.0,v1.2.2,settled,loss,-45.0,1046.5,2026-07-11 15:44:00,2026-07-10,,Auto-settled from Tennis Abstract | score=3-6 4-6
bet_20260710_210220_4,session_20260710_204630,2026-07-10 21:02:59,ITF Men's - ITF Men Hillcrest (2),Ofek Shimanov vs Charlie Robertson,match_ea00996241f765daa520,feat_b8f674e1bb6113a36572,run_20260710T204630Z,Ofek Shimanov,True,2.75,36.0,0.036,0.4397250711917877,0.3636363636363636,0.076088707555424,0.05,63.0,36.0,1000.0,v1.2.2,settled,win,63.0,1063.0,2026-07-11 17:43:52,2026-07-11,,Auto-settled from Tennis Abstract | score=5-7 7-6(4) 6-3
bet_20260710_233315_1,session_20260710_231820,2026-07-10 23:34:16,Challenger - Nottingham (2),Clement Chidekh vs Alastair Gray,match_b3330e40050c7b98c057,feat_e844d3a258bb30bbc8c3,run_20260710T231820Z,Clement Chidekh,True,2.25,30.0,0.03,0.5493487119674683,0.4444444444444444,0.1049042675230238,0.05,37.5,30.0,1000.0,v1.2.2,settled,win,37.5,996.0017338330832,2026-07-13 21:21:58,2026-07-11,,Auto-settled from Tennis Abstract | score=7-5 6-3
bet_20260710_233315_5,session_20260710_231820,2026-07-10 23:34:16,ITF Men's - ITF Men Wuning (2),Hoyoung Roh vs Martin Borisiouk,match_2c5365421fbc3ffb6d1f,feat_70c4a79391370a70d602,run_20260710T231820Z,Martin Borisiouk,False,2.25,30.0,0.03,0.5404682755470276,0.4444444444444444,0.0960238311025831,0.05,37.5,30.0,1000.0,v1.2.2,pending,,,,,2026-07-11,,
bet_20260711_002325_1,session_20260711_001326,2026-07-11 00:24:57,ATP - Gstaad (7),Marc-Andrea Huesler vs Edas Butvilas,match_7d786e5fb04ff5c6732b,feat_4bd9cf000d7419ab11ff,run_20260711T001326Z,Edas Butvilas,False,1.869565217391304,16.363636363636363,0.0163636363636363,0.6040732860565186,0.5348837209302326,0.0691895651262859,0.05,14.229249011857704,16.363636363636363,1000.0,v1.2.2,pending,,,,,2026-07-11,,
bet_20260711_002325_2,session_20260711_001326,2026-07-11 00:24:57,ATP - Gstaad (7),Thiago Monteiro vs Pierre-Hugues Herbert,match_184f39dcbfa56a4f88fb,feat_f818cd180bd3b3eb0a57,run_20260711T001326Z,Pierre-Hugues Herbert,False,2.35,16.363636363636363,0.0163636363636363,0.499516487121582,0.425531914893617,0.073984572227965,0.05,22.090909090909093,16.363636363636363,1000.0,v1.2.2,pending,,,,,2026-07-11,,
bet_20260711_002325_3,session_20260711_001326,2026-07-11 00:24:57,ATP - Gstaad (7),Daniel Michalski vs Calvin Hemery,match_81c96e9ea24aab3d2cde,feat_37ff58f95be763f63a91,run_20260711T001326Z,Calvin Hemery,False,2.0,16.363636363636363,0.0163636363636363,0.6013311445713043,0.5,0.1013311445713043,0.05,16.363636363636363,16.363636363636363,1000.0,v1.2.2,pending,,,,,2026-07-11,,
bet_20260711_002325_4,session_20260711_001326,2026-07-11 00:24:57,ATP - Gstaad (7),Otto Virtanen vs Dylan Dietrich,match_3e977094fe1bb43a103e,feat_94dede6bd0715e8ddc2d,run_20260711T001326Z,Otto Virtanen,True,1.4761904761904765,16.363636363636363,0.0163636363636363,0.771634578704834,0.6774193548387096,0.0942152238661243,0.05,7.792207792207793,16.363636363636363,1000.0,v1.2.2,pending,,,,,2026-07-11,,
bet_20260711_002325_5,session_20260711_001326,2026-07-11 00:24:57,ATP - Gstaad (7),Federico Cina vs Patrick Zahraj,match_01681d3ba0caabfac612,feat_f7b0774069dde9130625,run_20260711T001326Z,Patrick Zahraj,False,6.5,16.363636363636363,0.0163636363636363,0.2918394207954407,0.1538461538461538,0.1379932669492868,0.05,90.0,16.363636363636363,1000.0,v1.2.2,pending,,,,,2026-07-11,,
bet_20260711_013938_6,session_20260711_012711,2026-07-11 01:41:49,ATP - Umag (7),Luca Nardi vs Andrea Guerrieri,match_7f7ccc0c9788de1d23d6,feat_316768ca07498224357b,run_20260711T012711Z,Andrea Guerrieri,False,2.35,8.559495030657917,0.0085594950306579,0.4542131423950195,0.425531914893617,0.0286812275014025,0.0499265812061451,11.55531829138819,8.559495030657917,1000.0,v1.2.2,pending,,,,,2026-07-11,,
bet_20260711_013938_7,session_20260711_012711,2026-07-11 01:41:49,ATP - Umag (7),Marco Cecchinato vs Duje Ajdukovic,match_ce92d176f77c787f4221,feat_6b43c60c2def900c9614,run_20260711T012711Z,Duje Ajdukovic,False,3.75,8.572082069184802,0.0085720820691848,0.3530887365341186,0.2666666666666666,0.0864220698674519,0.05,23.573225690258205,8.572082069184802,1000.0,v1.2.2,pending,,,,,2026-07-11,,
bet_20260711_013938_8,session_20260711_012711,2026-07-11 01:41:49,ATP - Umag (7),Marko Topo vs Pol Martin Tiffon,match_44dd79747f1bac078797,feat_be7bf1a1a2698059529f,run_20260711T012711Z,Marko Topo,True,2.55,8.572082069184802,0.0085720820691848,0.4742908179759979,0.3921568627450981,0.0821339552308998,0.05,13.286727207236442,8.572082069184802,1000.0,v1.2.2,pending,,,,,2026-07-11,,
bet_20260711_013938_9,session_20260711_012711,2026-07-11 01:41:49,ATP - Umag (7),Lukas Neumayer vs Mili Poljicak,match_d3d01af3266f083cb306,feat_be8551a0c5c7b3d66e42,run_20260711T012711Z,Mili Poljicak,False,2.85,8.572082069184802,0.0085720820691848,0.397565484046936,0.3508771929824561,0.0466882910644799,0.05,15.858351827991884,8.572082069184802,1000.0,v1.2.2,pending,,,,,2026-07-11,,
bet_20260711_013938_10,session_20260711_012711,2026-07-11 01:41:49,ATP - Umag (7),Norbert Gombos vs Nikolas Sanchez-Izquierdo,match_7936e534b4fb207de1cd,feat_01d25664f0138b8e29d5,run_20260711T012711Z,Norbert Gombos,True,2.85,8.572082069184802,0.0085720820691848,0.4361535608768463,0.3508771929824561,0.0852763678943901,0.05,15.858351827991884,8.572082069184802,1000.0,v1.2.2,pending,,,,,2026-07-11,,
bet_20260711_013938_12,session_20260711_012711,2026-07-11 01:41:49,Challenger - Nottingham (2),Henry Searle vs Max Basing,match_91b678401b1f0b52a870,feat_3b84358d52a1cc24211c,run_20260711T012711Z,Max Basing,False,3.8,8.572082069184802,0.0085720820691848,0.5424173772335052,0.2631578947368421,0.2792594824966631,0.05,24.001829793717445,8.572082069184802,1000.0,v1.2.2,settled,loss,-8.572082069184802,996.0017338330832,2026-07-13 21:21:59,2026-07-11,,Auto-settled from Tennis Abstract | score=7-5 6-2
bet_20260711_013938_13,session_20260711_012711,2026-07-11 01:41:49,Challenger - Liege (2),Florian Broska vs Kimmer Coppejans,match_c77d82acd770b36c2ff6,feat_e509e966f938e390477d,run_20260711T012711Z,Florian Broska,True,3.0,8.572082069184802,0.0085720820691848,0.369974136352539,0.3333333333333333,0.0366408030192057,0.05,17.144164138369604,8.572082069184802,1000.0,v1.2.2,settled,win,17.144164138369604,1004.573815902268,2026-07-13 21:21:59,2026-07-11,,Auto-settled from Tennis Abstract | score=6-3 6-2
bet_20260711_013938_14,session_20260711_012711,2026-07-11 01:41:49,Challenger - Braunschweig (2),Daniel Rincon vs Jan Choinski,match_4f82200cee09f7d40163,feat_127dd8be2e906c5e4293,run_20260711T012711Z,Daniel Rincon,True,2.7,8.572082069184802,0.0085720820691848,0.448808878660202,0.3703703703703703,0.0784385082898316,0.05,14.572539517614164,8.572082069184802,1000.0,v1.2.2,settled,loss,-8.572082069184802,987.4296517638984,2026-07-13 21:21:59,2026-07-11,,Auto-settled from Tennis Abstract | score=5-7 2-6
bet_20260711_013938_15,session_20260711_012711,2026-07-11 01:41:49,Challenger - Braunschweig (2),Facundo Diaz Acosta vs Hugo Gaston,match_a4bcc8779df6edaa5d26,feat_edff4cc13816c4e0ebd4,run_20260711T012711Z,Hugo Gaston,False,2.5,8.572082069184802,0.0085720820691848,0.4623505473136902,0.4,0.0623505473136901,0.05,12.858123103777205,8.572082069184802,1000.0,v1.2.2,settled,win,12.858123103777205,1008.8598569368604,2026-07-13 21:21:59,2026-07-11,,Auto-settled from Tennis Abstract | score=7-5 6(4)-7 5-7
bet_20260711_013938_16,session_20260711_012711,2026-07-11 01:41:49,Challenger - Trieste (2),Henry Bernet vs Hugo Dellien,match_8fc56a5be6001feb41f6,feat_3fab84fc01d6328d8686,run_20260711T012711Z,Henry Bernet,True,2.85,8.572082069184802,0.0085720820691848,0.4829280078411102,0.3508771929824561,0.1320508148586541,0.05,15.858351827991884,8.572082069184802,1000.0,v1.2.2,settled,loss,-8.572082069184802,991.7168292128448,2026-07-13 21:23:02,2026-07-11,,Auto-settled from Tennis Abstract | score=6-4 6(4)-7 4-6
bet_20260711_013938_17,session_20260711_012711,2026-07-11 01:41:49,Challenger - Iasi (2),Zsombor Piros vs Jerome Kym,match_7db33c67644eb793e63e,feat_49812f1e62f37dba4826,run_20260711T012711Z,Jerome Kym,False,2.1,8.570945654830828,0.0085709456548308,0.5023774802684784,0.4761904761904761,0.0261870040780022,0.0499933714216406,9.428040220313912,8.570945654830828,1000.0,v1.2.2,settled,loss,-8.570945654830828,1000.2889112820296,2026-07-13 21:22:26,2026-07-11,,Auto-settled from Tennis Abstract | score=7-6(5) 6-3
bet_20260711_013938_18,session_20260711_012711,2026-07-11 01:41:49,Challenger - Iasi (2),Valentin Royer vs Titouan Droguet,match_431e8967713f3a89a684,feat_5d68071b1abb18e3858d,run_20260711T012711Z,Valentin Royer,True,2.3,8.572082069184802,0.0085720820691848,0.5521932244300842,0.4347826086956522,0.117410615734432,0.05,11.143706689940242,8.572082069184802,1000.0,v1.2.2,settled,loss,-8.572082069184802,983.14474714366,2026-07-13 21:23:26,2026-07-11,,Auto-settled from Tennis Abstract | score=3-6 4-6
bet_20260711_030421_7,session_20260711_025559,2026-07-11 03:06:44,ATP - Umag (8),Juan Carlos Prado Angelo vs Marc Majdandzic,match_66c33bf48aa1c039f3bd,feat_8d61050eea4feb67f41e,run_20260711T025559Z,Marc Majdandzic,False,5.5,8.579247891053665,0.0085792478910536,0.2788630723953247,0.1818181818181818,0.0970448905771428,0.05,38.606615509741495,8.579247891053665,1000.0,v1.2.3,pending,,,,,2026-07-11,,
bet_20260711_030421_18,session_20260711_025559,2026-07-11 03:06:44,ITF Men's - ITF Men Kassel (1),Dominik Recek vs Max Wiskandt,match_f6399123d9b48e16af00,feat_f866a0055f26e20de633,run_20260711T025559Z,Max Wiskandt,False,1.4081632653061225,8.579247891053665,0.0085792478910536,0.8447747826576233,0.7101449275362319,0.1346298551213913,0.05,3.501733833083129,8.579247891053665,1000.0,v1.2.3,settled,win,3.501733833083129,958.5017338330832,2026-07-13 21:21:34,2026-07-11,,Auto-settled from Tennis Abstract | score=6(5)-7 3-6
bet_20260711_030421_19,session_20260711_025559,2026-07-11 03:06:44,ITF Men's - ITF Men The Hague (2),Yannik Kelm vs Louis Wessels,match_b82ed0d5e9c7982a286c,feat_48f58505b3022450dd22,run_20260711T025559Z,Louis Wessels,False,2.8,8.415042178926676,0.0084150421789266,0.3886705040931701,0.3571428571428571,0.031527646950313,0.0490430063671535,15.147075922068016,8.415042178926676,1000.0,v1.2.3,pending,,,,,2026-07-11,,
bet_20260711_030421_20,session_20260711_025559,2026-07-11 03:06:44,ITF Men's - ITF Men San Salvador de Jujuy (2),Juan Estevez vs Joaquin Aguilar Cardozo,match_e318cf01acc261703b98,feat_c2dc9ec139b416e6936e,run_20260711T025559Z,Juan Estevez,True,1.8,8.579247891053665,0.0085792478910536,0.6799456477165222,0.5555555555555556,0.1243900921609666,0.05,6.863398312842932,8.579247891053665,1000.0,v1.2.3,pending,,,,,2026-07-11,,
bet_20260711_045737_6,session_20260711_045028,2026-07-11 05:00:09,Challenger - Newport (2),Adam Walton vs Alex Michelsen,match_663ffc2b7bfa2d67cb6d,feat_47ba91fbb1ad66f98835,run_20260711T045028Z,Adam Walton,True,2.65,18.03451783748385,0.0180345178374838,0.4516088366508484,0.3773584905660377,0.0742503460848106,0.05,29.75695443184836,18.03451783748385,1000.0,v1.2.3,settled,win,29.75695443184836,982.9017015755084,2026-07-13 21:24:26,2026-07-11,,Auto-settled from Tennis Abstract | score=7-6(2) 6-4
bet_20260711_045737_7,session_20260711_045028,2026-07-11 05:00:09,Challenger - Newport (2),Alexis Galarneau vs Jacob Fearnley,match_50d443b43f6aee55ae8f,feat_b71733b1560209e3170d,run_20260711T045028Z,Alexis Galarneau,True,3.0,18.03451783748385,0.0180345178374838,0.4788954854011535,0.3333333333333333,0.1455621520678202,0.05,36.06903567496771,18.03451783748385,1000.0,v1.2.3,settled,loss,-18.03451783748385,964.8671837380246,2026-07-13 21:24:26,2026-07-11,,Auto-settled from Tennis Abstract | score=7-6(2) 3-6 4-6
bet_20260711_155710_1,session_20260711_154114,2026-07-11 15:58:16,ATP - Gstaad (9),Alexandre Muller vs Alexander Shevchenko,match_0d38d52c246d24c70771,feat_dbe1dcec7d34496fad21,run_20260711T154114Z,Alexandre Muller,True,2.25,30.0,0.03,0.9702478647232056,0.4444444444444444,0.5258034202787611,0.05,37.5,30.0,1000.0,v1.2.3,pending,,,,,2026-07-13,,
bet_20260711_155710_2,session_20260711_154114,2026-07-11 15:58:16,ATP - Gstaad (9),Stefanos Tsitsipas vs Ignacio Buse,match_3b8865c56c54eff33e2e,feat_ede5f8526dde924b487d,run_20260711T154114Z,Ignacio Buse,False,1.8333333333333333,30.0,0.03,0.5713154077529907,0.5454545454545454,0.0258608622984453,0.05,25.000000000000004,30.0,1000.0,v1.2.3,pending,,,,,2026-07-13,,
bet_20260711_155710_3,session_20260711_154114,2026-07-11 15:58:16,Challenger - Bogota (1),Nicolas Mejia vs Juan Pablo Varillas,match_8f66786c8825dc92ba18,feat_4e570b1412641f20b6ad,run_20260711T154114Z,Juan Pablo Varillas,False,2.6,30.0,0.03,0.4363420605659485,0.3846153846153846,0.0517266759505639,0.05,48.0,30.0,1000.0,v1.2.3,settled,loss,-30.0,953.14474714366,2026-07-13 21:24:15,2026-07-11,,Auto-settled from Tennis Abstract | score=6-4 5-7 6-1
bet_20260711_195507_2,session_20260711_193604,2026-07-11 19:55:51,ATP - Gstaad (11),Jaime Faria vs Stan Wawrinka,match_7e2bbb1bccb597407c4a,feat_247c45599d15be801c3f,run_20260711T193604Z,Jaime Faria,True,1.4651162790697674,30.0,0.03,0.7094086408615112,0.6825396825396826,0.0268689583218286,0.05,13.95348837209302,30.0,1000.0,v1.2.3,pending,,,,,2026-07-13,,
bet_20260711_195507_3,session_20260711_193604,2026-07-11 19:55:51,ATP - Gstaad (11),Juan Manuel Cerundolo vs Zdenek Kolar,match_a02e7bf47d37441c4561,feat_c97436678ea81fd1ea86,run_20260711T193604Z,Juan Manuel Cerundolo,True,1.3333333333333333,30.0,0.03,0.8111518025398254,0.75,0.0611518025398254,0.05,9.999999999999998,30.0,1000.0,v1.2.3,pending,,,,,2026-07-13,,
bet_20260711_195507_4,session_20260711_193604,2026-07-11 19:55:51,ATP - Gstaad (11),Pedro Martinez vs Yannick Hanfmann,match_99091a4261ac26619a5a,feat_a77773f36fc4f7e7233d,run_20260711T193604Z,Pedro Martinez,True,3.4,30.0,0.03,0.4055697023868561,0.2941176470588235,0.1114520553280325,0.05,72.0,30.0,1000.0,v1.2.3,pending,,,,,2026-07-13,,
bet_20260713_213303_0,session_20260713_211627,2026-07-13 21:34:02,ATP - Gstaad (7),Pedro Martinez vs Yannick Hanfmann,match_759b38c12701131fc3c0,feat_04865f36b06045f9516e,run_20260713T211627Z,Pedro Martinez,True,3.6,12.991870056248157,0.012991870056248156,0.3852930963039398,0.2777777777777778,0.10751531852616203,0.05,33.77886214624521,12.991870056248157,1000.0,v1.2.3,pending,,,,,2026-07-14,,
bet_20260713_213303_1,session_20260713_211627,2026-07-13 21:34:02,ATP - Gstaad (7),Jerome Kym vs Dylan Dietrich,match_4653f36d3e311bcc0187,feat_8576df9d888cb3c6249f,run_20260713T211627Z,Dylan Dietrich,False,2.45,9.418791063092845,0.009418791063092844,0.42961663007736206,0.4081632653061224,0.021453364771239658,0.0362487887514049,13.657247041484627,9.418791063092845,1000.0,v1.2.3,pending,,,,,2026-07-14,,
bet_20260713_213303_2,session_20260713_211627,2026-07-13 21:34:02,ATP - Gstaad (7),Jaime Faria vs Stan Wawrinka,match_a785f7f6e165124aeebc,feat_05304b9a4c439a5cfb09,run_20260713T211627Z,Jaime Faria,True,1.4444444444444444,12.991870056248157,0.012991870056248156,0.7171191573143005,0.6923076923076923,0.024811465006608246,0.05,5.774164469443625,12.991870056248157,1000.0,v1.2.3,pending,,,,,2026-07-14,,
bet_20260713_213303_3,session_20260713_211627,2026-07-13 21:34:02,Challenger - Granby (5),Justin Boulais vs Zhizhen Zhang,match_0fd5820cf8eae304c295,feat_03acc3d5f725eceaf39b,run_20260713T211627Z,Justin Boulais,True,3.75,12.991870056248157,0.012991870056248156,0.3434356451034546,0.26666666666666666,0.07676897843678793,0.05,35.727642654682434,12.991870056248157,1000.0,v1.2.3,pending,,,,,2026-07-13,,
bet_20260713_213303_4,session_20260713_211627,2026-07-13 21:34:02,Challenger - Granby (5),Aleksandar Vukic vs Liam Broady,match_6e8f48946eafe2a56369,feat_6640b022444dc7ad0762,run_20260713T211627Z,Aleksandar Vukic,True,2.2,12.991870056248157,0.012991870056248156,0.48881688714027405,0.45454545454545453,0.03427143259481952,0.05,15.59024406749779,12.991870056248157,1000.0,v1.2.3,pending,,,,,2026-07-13,,
bet_20260713_213303_5,session_20260713_211627,2026-07-13 21:34:02,ATP - Bastad (7),Nicolai Budkov Kjaer vs Andrea Pellegrino,match_e5d4c022a72d3ed16e9c,feat_09baf8a5eb2993da96d3,run_20260713T211627Z,Nicolai Budkov Kjaer,True,2.0,12.459365891349798,0.012459365891349798,0.5239753127098083,0.5,0.02397531270980835,0.0479506254196167,12.459365891349798,12.459365891349798,1000.0,v1.2.3,pending,,,,,2026-07-14,,
bet_20260713_213303_6,session_20260713_211627,2026-07-13 21:34:02,ATP - Bastad (7),Sebastian Ofner vs Thiago Agustin Tirante,match_b05b34567c84d2e1bea9,feat_0327609ba2964ad278db,run_20260713T211627Z,Thiago Agustin Tirante,False,1.6451612903225805,12.991870056248157,0.012991870056248156,0.6596940755844116,0.607843137254902,0.0518509383295096,0.05,8.381851649192358,12.991870056248157,1000.0,v1.2.3,pending,,,,,2026-07-14,,
bet_20260713_213303_7,session_20260713_211627,2026-07-13 21:34:02,ATP - Bastad (7),Dalibor Svrcina vs Grigor Dimitrov,match_33139a7ef8a86b3d243b,feat_fc9235b5514e18267680,run_20260713T211627Z,Dalibor Svrcina,True,2.6,12.991870056248157,0.012991870056248156,0.4966731071472168,0.3846153846153846,0.11205772253183222,0.05,20.786992089997053,12.991870056248157,1000.0,v1.2.3,pending,,,,,2026-07-14,,
bet_20260713_213303_8,session_20260713_211627,2026-07-13 21:34:02,ATP - Bastad (7),Jan Choinski vs Nikoloz Basilashvili,match_4b9604eaff8734982454,feat_53265c0be1b7be272c30,run_20260713T211627Z,Jan Choinski,True,1.5882352941176472,12.991870056248157,0.012991870056248156,0.6673303246498108,0.6296296296296295,0.03770069502018125,0.05,7.642276503675388,12.991870056248157,1000.0,v1.2.3,pending,,,,,2026-07-14,,
bet_20260713_213303_9,session_20260713_211627,2026-07-13 21:34:02,ATP - Bastad (7),Daniel Altmaier vs Hugo Gaston,match_a066bcae0eaf17732895,feat_f6b46d1fba805ec6f23c,run_20260713T211627Z,Hugo Gaston,False,2.35,10.257245322852759,0.010257245322852758,0.44820940494537354,0.425531914893617,0.02267749005175651,0.039475630830835474,13.847281185851225,10.257245322852759,1000.0,v1.2.3,pending,,,,,2026-07-14,,
bet_20260713_213303_10,session_20260713_211627,2026-07-13 21:34:02,ATP - Bastad (7),Nuno Borges vs Moise Kouame,match_73cdafd394bc374c3782,feat_4592bc042e1985a024a1,run_20260713T211627Z,Moise Kouame,False,3.6,12.991870056248157,0.012991870056248156,0.40979713201522827,0.2777777777777778,0.13201935423745048,0.05,33.77886214624521,12.991870056248157,1000.0,v1.2.3,pending,,,,,2026-07-14,,
bet_20260713_213303_11,session_20260713_211627,2026-07-13 21:34:02,ATP - Bastad (7),Max Dahlin vs Sebastian Baez,match_6fc4916dec9aa75adf8f,feat_89df4e24f492abcde723,run_20260713T211627Z,Max Dahlin,True,15.0,6.89053580623945,0.00689053580623945,0.09141740202903748,0.06666666666666667,0.02475073536237081,0.026518645031111582,96.4675012873523,6.89053580623945,1000.0,v1.2.3,pending,,,,,2026-07-14,,
bet_20260713_213303_12,session_20260713_211627,2026-07-13 21:34:02,ATP - Umag (8),Alex Molcan vs Valentin Royer,match_49538a6d5c46e80c57b7,feat_1a7289f6e82ecc735b63,run_20260713T211627Z,Valentin Royer,False,2.45,12.991870056248157,0.012991870056248156,0.5280180871486664,0.4081632653061224,0.11985482184254398,0.05,18.83821158155983,12.991870056248157,1000.0,v1.2.3,pending,,,,,2026-07-14,,
bet_20260713_213303_13,session_20260713_211627,2026-07-13 21:34:02,ATP - Umag (8),Federico Agustin Gomez vs Niels McDonald,match_9a606ee5f57c5e744ae4,feat_9e4d2cdf036b8cf59ec4,run_20260713T211627Z,Niels McDonald,False,2.05,11.055361353983571,0.011055361353983571,0.5095973610877991,0.48780487804878053,0.02179248303901854,0.042547228790464756,11.608129421682747,11.055361353983571,1000.0,v1.2.3,pending,,,,,2026-07-14,,
bet_20260713_213303_14,session_20260713_211627,2026-07-13 21:34:02,Challenger - Lincoln (2),J.J. Wolf vs Andrew Fenty,match_dddbfadd752dedeb4be3,feat_7857b52016a5c455449c,run_20260713T211627Z,Andrew Fenty,False,3.85,12.991870056248157,0.012991870056248156,0.40625983476638794,0.2597402597402597,0.14651957502612822,0.05,37.02682966030725,12.991870056248157,1000.0,v1.2.3,pending,,,,,2026-07-14,,
