timestamp,session_id,bankroll,change_amount,change_reason,account_equity,pending_exposure,available_bankroll,total_staked,num_pending_bets,num_settled_bets
2026-07-08 09:42:11,session_20260708_094211,1000.0,0.0,Session started,,,,0.0,0,0
2026-07-08 09:51:19,session_20260708_094211,1000.0,-180.00000000000003,Placed 13 bets,,,,180.00000000000006,13,0
2026-07-08 12:00:34,session_20260708_120034,1000.0,0.0,Session started,,,,0.0,0,0
2026-07-08 12:06:46,session_20260708_120034,1000.0,-55.69504874552644,Placed 3 bets,,,,55.69504874552644,3,0
2026-07-08 13:29:22,session_20260708_165413,956.0095777707344,-60.0,Settled bet: Aleksandar Vukic vs Liam Broady (LOSS),,,,120.0,1,1
2026-07-08 13:37:31,session_20260708_094211,942.0882057961826,-13.92137197455178,Settled bet: Yi Zhou vs Daniel de Jonge (LOSS),,,,180.00000000000006,11,2
2026-07-08 13:37:55,session_20260708_094211,928.1668338216308,-13.92137197455178,Settled bet: Ilia Simakin vs Lautaro Midon (LOSS),,,,180.00000000000006,10,3
2026-07-08 13:38:04,session_20260708_094211,938.8755814943628,10.708747672732136,Settled bet: Michele Ribecai vs Matej Dodig (WIN),,,,180.00000000000006,9,4
2026-07-08 14:44:33,session_20260708_144433,1000.0,0.0,Session started,,,,0.0,0,0
2026-07-08 14:48:52,session_20260708_144433,1000.0,-37.82664659833242,Placed 1 bets,,,,37.82664659833242,1,0
2026-07-08 16:54:13,session_20260708_165413,1000.0,0.0,Session started,,,,0.0,0,0
2026-07-08 16:58:47,session_20260708_165413,1000.0,-120.0,Placed 2 bets,,,,120.0,2,0
2026-07-08 19:21:58,session_20260708_192158,1000.0,0.0,Session started,,,,0.0,0,0
2026-07-08 19:32:33,session_20260708_193233,1000.0,0.0,Session started,,,,0.0,0,0
2026-07-08 19:40:08,session_20260708_194008,1000.0,0.0,Session started,,,,0.0,0,0
2026-07-08 19:48:29,session_20260708_194829,1000.0,0.0,Session started,,,,0.0,0,0
2026-07-08 19:58:27,session_20260708_195827,1000.0,0.0,Session started,,,,0.0,0,0
2026-07-08 19:59:37,session_20260708_094211,1016.0095777707344,16.009577770734545,Settled bet: Taylor Fritz vs Alexander Zverev (WIN),,,,180.00000000000006,12,1
2026-07-08 22:20:12,session_20260708_222012,1000.0,0.0,Session started,,,,0.0,0,0
2026-07-09 00:40:18,session_20260709_004018,1000.0,0.0,Session started,,,,0.0,0,0
2026-07-09 00:52:05,session_20260709_004018,1000.0,-180.0,Placed 5 bets,,,,180.0,5,0
2026-07-09 01:05:48,session_20260709_010548,1000.0,0.0,Session started,,,,0.0,0,0
2026-07-09 01:07:04,session_20260708_120034,1025.0409867190087,25.04098671900867,Settled bet: Henri Squire vs Francesco Passaro (WIN),,,,55.69504874552644,2,1
2026-07-09 01:07:05,session_20260708_120034,1044.6850609610342,19.64407424202541,Settled bet: Miguel Damas vs Gilles Arnaud Bailly (WIN),,,,55.69504874552644,1,2
2026-07-09 01:07:07,session_20260708_144433,1006.8584143627018,-37.82664659833242,Settled bet: Zsombor Piros vs Damir Dzumhur (LOSS),,,,37.82664659833242,0,1
2026-07-09 01:12:37,session_20260709_010548,1000.0,-77.14285714285714,Placed 3 bets,,,,77.14285714285714,3,0
2026-07-09 01:47:42,session_20260709_014742,1000.0,0.0,Session started,,,,0.0,0,0
2026-07-09 01:52:57,session_20260709_014742,1000.0,-25.71428571428571,Placed 1 bets,,,,25.71428571428571,1,0
2026-07-09 05:15:22,session_20260709_051522,1000.0,0.0,Session started,,,,0.0,0,0
2026-07-09 05:22:39,session_20260709_051522,1000.0,-130.9090909090909,Placed 8 bets,,,,130.9090909090909,8,0
2026-07-09 05:50:54,session_20260709_055054,1000.0,0.0,Session started,,,,0.0,0,0
2026-07-09 08:50:12,session_20260709_085012,1000.0,0.0,Session started,,,,0.0,0,0
2026-07-09 09:27:41,session_20260709_085012,1000.0,-49.09090909090909,Placed 3 bets,,,,49.09090909090909,3,0
2026-07-09 10:17:21,session_20260709_101721,1000.0,0.0,Session started,,,,0.0,0,0
2026-07-09 12:19:06,session_20260709_121906,1000.0,0.0,Session started,,,,0.0,0,0
2026-07-09 13:40:44,session_20260709_134043,1000.0,0.0,Session started,,,,0.0,0,0
2026-07-09 15:40:16,session_20260709_154016,1000.0,0.0,Session started,,,,0.0,0,0
2026-07-09 15:40:39,session_20260708_120034,979.2825081242544,-20.71749187574559,Settled bet: Taro Daniel vs Zdenek Kolar (LOSS),,,,55.69504874552644,0,3
2026-07-09 15:41:42,session_20260708_094211,1015.478075258089,36.19556713383463,Settled bet: Daniel Rincon vs Sebastian Ofner (WIN),,,,180.00000000000006,8,5
2026-07-09 15:41:42,session_20260708_094211,1001.5567032835372,-13.92137197455178,Settled bet: Pedro Martinez vs Maks Kasnikowski (LOSS),,,,180.00000000000006,7,6
2026-07-09 15:41:42,session_20260708_094211,987.6353313089854,-13.92137197455178,Settled bet: Lukas Neumayer vs Guido Ivan Justo (LOSS),,,,180.00000000000006,6,7
2026-07-09 15:41:42,session_20260708_165413,927.6353313089854,-60.0,Settled bet: Bernard Tomic vs Braden Shick (LOSS),,,,120.0,0,2
2026-07-09 16:19:26,session_20260709_161926,1000.0,0.0,Session started,,,,0.0,0,0
2026-07-09 18:14:01,session_20260709_181401,1000.0,0.0,Session started,,,,0.0,0,0
2026-07-09 18:30:50,session_20260709_183050,1000.0,0.0,Session started,,,,0.0,0,0
2026-07-09 18:48:12,session_20260709_184812,1000.0,0.0,Session started,,,,0.0,0,0
2026-07-09 19:51:37,session_20260709_195137,1000.0,0.0,Session started,,,,0.0,0,0
2026-07-09 20:08:02,session_20260709_200802,1000.0,0.0,Session started,,,,0.0,0,0
2026-07-09 20:36:35,session_20260709_203635,1000.0,0.0,Session started,,,,0.0,0,0
2026-07-09 20:39:41,session_20260709_203635,1000.0,-180.0,Placed 1 bets,,,,180.0,1,0
2026-07-09 20:57:37,session_20260709_205737,1000.0,0.0,Session started,,,,0.0,0,0
2026-07-09 21:02:34,session_20260709_205737,1000.0,-90.0,Placed 1 bets,,,,90.0,1,0
2026-07-09 21:50:11,session_20260709_215011,1000.0,0.0,Session started,,,,0.0,0,0
2026-07-09 21:55:19,session_20260709_215011,1000.0,-180.0,Placed 1 bets,,,,180.0,1,0
2026-07-09 22:11:00,session_20260709_221100,1000.0,0.0,Session started,,,,0.0,0,0
2026-07-09 22:18:56,session_20260709_221100,1000.0,-180.0,Placed 3 bets,,,,180.0,3,0
2026-07-09 23:40:34,session_20260709_234034,1000.0,0.0,Session started,,,,0.0,0,0
2026-07-09 23:45:27,session_20260709_234034,1000.0,-180.0,Placed 5 bets,,,,180.0,5,0
2026-07-10 00:04:25,session_20260710_000425,1000.0,0.0,Session started,,,,0.0,0,0
2026-07-10 00:06:36,session_20260709_004018,964.0,-36.0,Settled bet: Amit Vales vs Henry Searle (LOSS),,,,180.0,4,1
2026-07-10 00:10:36,session_20260710_000425,1000.0,-51.42857142857142,Placed 2 bets,,,,51.42857142857142,2,0
2026-07-10 00:16:03,session_20260710_001603,1000.0,0.0,Session started,,,,0.0,0,0
2026-07-10 00:23:58,session_20260710_001603,1000.0,-90.0,Placed 5 bets,,,,90.0,5,0
2026-07-10 01:37:50,session_20260710_013750,1000.0,0.0,Session started,,,,0.0,0,0
2026-07-10 01:39:30,session_20260709_051522,1057.2727272727273,57.27272727272727,Settled bet: Marvin Moeller vs Adolfo Daniel Vallejo (WIN),,,,130.9090909090909,7,1
2026-07-10 01:39:37,session_20260709_085012,1076.909090909091,19.63636363636364,Settled bet: Maxim Mrva vs Federico Bondioli (WIN),,,,49.09090909090909,2,1
2026-07-10 01:39:37,session_20260709_051522,1060.5454545454547,-16.363636363636363,Settled bet: Cezar Cretu vs Gustavo Heide (LOSS),,,,130.9090909090909,6,2
2026-07-10 01:39:37,session_20260709_010548,1034.831168831169,-25.71428571428571,Settled bet: Jacob Fearnley vs Mark Lajal (LOSS),,,,77.14285714285714,2,1
2026-07-10 01:55:46,session_20260710_013750,1000.0,-100.60372211970682,Placed 13 bets,,,,100.6037221197068,13,0
2026-07-10 04:19:11,session_20260710_041911,1000.0,0.0,Session started,,,,0.0,0,0
2026-07-10 04:35:04,session_20260710_041911,1000.0,-72.0,Placed 8 bets,,,,72.0,8,0
2026-07-10 04:42:25,session_20260710_044225,1000.0,0.0,Session started,,,,0.0,0,0
2026-07-10 04:56:14,session_20260710_044225,1000.0,-37.89473684210526,Placed 4 bets,,,,37.89473684210527,4,0
2026-07-10 08:15:58,session_20260710_081558,1000.0,0.0,Session started,,,,0.0,0,0
2026-07-10 08:18:37,session_20260709_051522,983.6363636363636,-16.363636363636363,Settled bet: Vilius Gaubas vs Facundo Diaz Acosta (LOSS),,,,130.9090909090909,5,3
2026-07-10 08:18:37,session_20260709_051522,967.2727272727273,-16.363636363636363,Settled bet: Niels McDonald vs Martin Krumich (LOSS),,,,130.9090909090909,4,4
2026-07-10 08:18:37,session_20260709_051522,950.9090909090908,-16.363636363636363,Settled bet: Kimmer Coppejans vs Daniel Michalski (LOSS),,,,130.9090909090909,3,5
2026-07-10 08:18:37,session_20260709_051522,934.5454545454544,-16.363636363636363,Settled bet: Gauthier Onclin vs Florian Broska (LOSS),,,,130.9090909090909,2,6
2026-07-10 08:18:38,session_20260709_085012,918.181818181818,-16.363636363636363,Settled bet: Andrea Guerrieri vs Hugo Dellien (LOSS),,,,49.09090909090909,1,2
2026-07-10 08:18:38,session_20260709_205737,828.181818181818,-90.0,Settled bet: Garrett Johns vs Darwin Blanch (LOSS),,,,90.0,0,1
2026-07-10 08:30:36,session_20260710_081558,1000.0,-87.2081882834478,Placed 13 bets,,,,87.2081882834478,13,0
2026-07-10 11:22:49,session_20260710_112249,1000.0,0.0,Session started,,,,0.0,0,0
2026-07-10 11:32:34,session_20260710_112249,1000.0,-101.6709545011881,Placed 10 bets,,,,101.6709545011881,10,0
2026-07-10 11:37:25,session_20260710_113725,1000.0,0.0,Session started,,,,0.0,0,0
2026-07-10 13:47:50,session_20260710_134750,1000.0,0.0,Session started,,,,0.0,0,0
2026-07-10 14:01:45,session_20260710_134750,1000.0,-84.07937152841512,Placed 5 bets,,,,84.07937152841512,5,0
2026-07-10 15:05:58,session_20260710_150558,1000.0,0.0,Session started,,,,0.0,0,0
2026-07-10 15:18:49,session_20260710_150558,1000.0,-86.5441347144134,Placed 4 bets,,,,86.5441347144134,4,0
2026-07-10 16:11:48,session_20260710_161148,1000.0,0.0,Session started,,,,0.0,0,0
2026-07-10 16:19:49,session_20260710_161148,1000.0,-45.0,Placed 1 bets,,,,45.0,1,0
2026-07-10 17:12:29,session_20260710_171229,1000.0,0.0,Session started,,,,0.0,0,0
2026-07-10 17:23:02,session_20260710_171229,1000.0,-120.0,Placed 4 bets,,,,120.0,4,0
2026-07-10 18:15:10,session_20260710_181510,1000.0,0.0,Session started,,,,0.0,0,0
2026-07-10 18:20:09,session_20260709_203635,820.0,-180.0,Settled bet: Jacob Fearnley vs Stefan Kozlov (LOSS),,,,180.0,0,1
2026-07-10 18:25:57,session_20260710_181510,1000.0,-90.0,Placed 2 bets,,,,90.0,2,0
2026-07-10 18:49:58,session_20260710_184958,1000.0,0.0,Session started,,,,0.0,0,0
2026-07-10 20:09:10,session_20260710_200910,1000.0,0.0,Session started,,,,0.0,0,0
2026-07-10 20:09:41,session_20260710_112249,1005.4957272703344,5.495727270334493,Settled bet: Arthur Gea vs Adam Walton (WIN),,,,101.6709545011881,7,3
2026-07-10 20:10:13,session_20260710_041911,1018.9957272703344,13.5,Settled bet: Juan Pablo Varillas vs Matheus Pucinelli de Almeida (WIN),,,,72.0,6,2
2026-07-10 20:10:57,session_20260709_085012,1002.632090906698,-16.363636363636363,Settled bet: Nikolas Sanchez-Izquierdo vs Alex Barrena (LOSS),,,,49.09090909090909,0,3
2026-07-10 20:11:21,session_20260708_094211,988.7107189321462,-13.92137197455178,Settled bet: Mackenzie McDonald vs Adam Walton (LOSS),,,,180.00000000000006,5,8
2026-07-10 20:11:36,session_20260710_013750,994.671811336645,-5.3281886633549975,Settled bet: Vladyslav Orlov vs Petros Tsitsipas (LOSS),,,,100.6037221197068,12,1
2026-07-10 20:11:45,session_20260710_013750,986.7321835486156,-7.939627788029318,Settled bet: Hanyi Liu vs Hoyoung Roh (LOSS),,,,100.6037221197068,11,2
2026-07-10 20:46:30,session_20260710_204630,1000.0,0.0,Session started,,,,0.0,0,0
2026-07-10 20:49:37,session_20260710_013750,992.0603722119708,-7.939627788029318,Settled bet: Dan Added vs Oliver Crawford (LOSS),,,,100.6037221197068,10,3
2026-07-10 21:02:59,session_20260710_204630,1000.0,-36.0,Placed 1 bets,,,,36.0,1,0
2026-07-10 21:48:55,session_20260710_214854,1000.0,0.0,Session started,,,,0.0,0,0
2026-07-10 22:20:15,session_20260710_222015,1000.0,0.0,Session started,,,,0.0,0,0
2026-07-10 22:22:32,session_20260710_013750,1019.8490694700732,19.849069470073296,Settled bet: Daniel Siniakov vs Adrian Oetzbach (WIN),,,,100.6037221197068,9,4
2026-07-10 22:22:32,session_20260710_013750,1011.909441682044,-7.939627788029318,Settled bet: Dominik Recek vs Giorgio Tabacco (LOSS),,,,100.6037221197068,8,5
2026-07-10 22:22:32,session_20260710_081558,1004.77161001154,-7.137831670504015,Settled bet: Max Wiskandt vs Anton Matusevich (LOSS),,,,87.2081882834478,12,1
2026-07-10 22:22:32,session_20260710_112249,994.6045145614212,-10.167095450118811,Settled bet: Max Wiskandt vs Anton Matusevich (LOSS),,,,101.6709545011881,9,1
2026-07-10 22:44:57,session_20260710_224457,1000.0,0.0,Session started,,,,0.0,0,0
2026-07-10 23:18:20,session_20260710_231820,1000.0,0.0,Session started,,,,0.0,0,0
2026-07-10 23:34:16,session_20260710_231820,1000.0,-60.0,Placed 2 bets,,,,60.0,2,0
2026-07-10 23:43:00,session_20260710_234300,1000.0,0.0,Session started,,,,0.0,0,0
2026-07-10 23:45:18,session_20260710_041911,1011.7,11.7,Settled bet: Enzo Kohlmann de Freitas vs Thiago Cigarran (WIN),,,,72.0,7,1
2026-07-11 00:13:26,session_20260711_001326,1000.0,0.0,Session started,,,,0.0,0,0
2026-07-11 00:24:57,session_20260711_001326,1000.0,-81.81818181818181,Placed 5 bets,,,,81.81818181818181,5,0
2026-07-11 01:01:22,session_20260711_010122,1000.0,0.0,Session started,,,,0.0,0,0
2026-07-11 01:02:48,session_20260710_112249,989.8329045498812,-10.167095450118811,Settled bet: Juan Estevez vs Felipe de Dios (LOSS),,,,101.6709545011881,8,2
2026-07-11 01:27:11,session_20260711_012711,1000.0,0.0,Session started,,,,0.0,0,0
2026-07-11 01:41:49,session_20260711_012711,1000.0,-102.85126137733675,Placed 12 bets,,,,102.85126137733675,12,0
2026-07-11 02:55:59,session_20260711_025559,1000.0,0.0,Session started,,,,0.0,0,0
2026-07-11 03:06:44,session_20260711_025559,1000.0,-34.152785852087675,Placed 4 bets,,,,34.152785852087675,4,0
2026-07-11 03:51:14,session_20260711_035114,1000.0,0.0,Session started,,,,0.0,0,0
2026-07-11 04:50:28,session_20260711_045028,1000.0,0.0,Session started,,,,0.0,0,0
2026-07-11 04:51:04,session_20260710_081558,992.862168329496,-7.137831670504015,Settled bet: Reece Falck vs Emon van Loben Sels (LOSS),,,,87.2081882834478,11,2
2026-07-11 04:51:04,session_20260710_081558,985.724336658992,-7.137831670504015,Settled bet: Spencer Johnson vs Ronald Hohmann (LOSS),,,,87.2081882834478,10,3
2026-07-11 05:00:09,session_20260711_045028,1000.0,-36.06903567496771,Placed 2 bets,,,,36.0690356749677,2,0
2026-07-11 15:41:14,session_20260711_154114,1000.0,0.0,Session started,,,,0.0,0,0
2026-07-11 15:43:31,session_20260710_171229,1060.0,60.0,Settled bet: Matthew Dellavedova vs Omar Jasika (WIN),,,,120.0,3,1
2026-07-11 15:43:31,session_20260710_171229,1091.5,31.5,Settled bet: Naoki Nakagawa vs Koki Matsuda (WIN),,,,120.0,2,2
2026-07-11 15:44:00,session_20260710_181510,1046.5,-45.0,Settled bet: Karl Poling vs Kenta Miyoshi (LOSS),,,,90.0,1,1
2026-07-11 15:58:16,session_20260711_154114,1000.0,-90.0,Placed 3 bets,,,,90.0,3,0
2026-07-11 16:38:27,session_20260711_163827,1000.0,0.0,Session started,,,,0.0,0,0
2026-07-11 17:19:25,session_20260711_171925,1000.0,0.0,Session started,,,,0.0,0,0
2026-07-11 17:43:19,session_20260711_174319,1000.0,0.0,Session started,,,,0.0,0,0
2026-07-11 17:43:52,session_20260710_204630,1063.0,63.0,Settled bet: Ofek Shimanov vs Charlie Robertson (WIN),,,,36.0,0,1
2026-07-11 18:39:54,session_20260711_183954,1000.0,0.0,Session started,,,,0.0,0,0
2026-07-11 20:01:44,session_20260711_200144,1000.0,0.0,Session started,,,,0.0,0,0
2026-07-13 22:42:01,session_20260713_224201,1000.0,0.0,Session started,,,,0.0,0,0
2026-07-13 22:45:25,session_20260710_181510,955.0,-45.0,Settled bet: Jannik Sinner vs Alexander Zverev (LOSS),,,,90.0,0,2
2026-07-13 22:46:31,session_20260711_025559,958.5017338330832,3.501733833083129,Settled bet: Dominik Recek vs Max Wiskandt (WIN),,,,34.152785852087675,3,1
2026-07-13 22:46:43,session_20260710_231820,996.0017338330832,37.5,Settled bet: Clement Chidekh vs Alastair Gray (WIN),,,,60.0,1,1
2026-07-13 22:46:43,session_20260711_012711,987.4296517638984,-8.572082069184802,Settled bet: Daniel Rincon vs Jan Choinski (LOSS),,,,102.85126137733675,11,1
2026-07-13 22:46:43,session_20260711_012711,1004.573815902268,17.144164138369604,Settled bet: Florian Broska vs Kimmer Coppejans (WIN),,,,102.85126137733675,10,2
2026-07-13 22:46:43,session_20260711_012711,996.0017338330832,-8.572082069184802,Settled bet: Henry Searle vs Max Basing (LOSS),,,,102.85126137733675,9,3
2026-07-13 22:46:43,session_20260711_012711,1008.8598569368604,12.858123103777205,Settled bet: Facundo Diaz Acosta vs Hugo Gaston (WIN),,,,102.85126137733675,8,4
2026-07-13 22:46:44,session_20260711_025559,1024.0069328589284,15.147075922068016,Settled bet: Yannik Kelm vs Louis Wessels (WIN),,,,34.152785852087675,2,2
2026-07-13 22:46:44,session_20260711_012711,1015.4359872040976,-8.570945654830828,Settled bet: Zsombor Piros vs Jerome Kym (LOSS),,,,102.85126137733675,7,5
2026-07-13 22:46:54,session_20260711_025559,1022.2993855169406,6.863398312842932,Settled bet: Juan Estevez vs Joaquin Aguilar Cardozo (WIN),,,,34.152785852087675,1,3
2026-07-13 22:46:54,session_20260711_012711,1013.7273034477556,-8.572082069184802,Settled bet: Henry Bernet vs Hugo Dellien (LOSS),,,,102.85126137733675,6,6
2026-07-13 22:46:55,session_20260711_012711,1005.1552213785708,-8.572082069184802,Settled bet: Valentin Royer vs Titouan Droguet (LOSS),,,,102.85126137733675,5,7
2026-07-13 22:47:42,session_20260711_154114,975.1552213785708,-30.0,Settled bet: Nicolas Mejia vs Juan Pablo Varillas (LOSS),,,,90.0,2,1
2026-07-13 22:47:51,session_20260711_045028,1004.9121758104192,29.75695443184836,Settled bet: Adam Walton vs Alex Michelsen (WIN),,,,36.0690356749677,1,1
2026-07-13 22:47:51,session_20260711_045028,986.8776579729354,-18.03451783748385,Settled bet: Alexis Galarneau vs Jacob Fearnley (LOSS),,,,36.0690356749677,0,2
2026-07-13 22:47:51,session_20260710_081558,993.6755928972248,6.797934924289538,Settled bet: Henry Bernet vs Federico Bondioli (WIN),,,,87.2081882834478,9,4
2026-07-15T01:43:00.622723+00:00,session_20260708_094211,596.5015655647375,-13.92137197455178,Pending reconciliation pending_reconcile_9f42832bb80a9a40a48478f2 bet bet_20260708_095009_11 (LOSS),596.5015655647375,2014.1134016858,0.0,3343.699782341424,128,62
2026-07-15T01:43:00.622724+00:00,session_20260708_094211,582.5801935901856,-13.92137197455178,Pending reconciliation pending_reconcile_9f42832bb80a9a40a48478f2 bet bet_20260708_095009_1 (LOSS),582.5801935901856,2000.192029711248,0.0,3343.699782341424,127,63
2026-07-15T01:43:00.622725+00:00,session_20260708_094211,599.4067907871779,16.826597196992257,Pending reconciliation pending_reconcile_9f42832bb80a9a40a48478f2 bet bet_20260708_095009_9 (WIN),599.4067907871779,1987.2484934058689,0.0,3343.699782341424,126,64
2026-07-15T01:43:00.622725+00:00,session_20260708_094211,599.4067907871779,16.826597196992257,Pending reconciliation pending_reconcile_9f42832bb80a9a40a48478f2 bet bet_20260708_095009_9 (WIN),599.4067907871779,1987.2484934058689,0.0,3343.699782341424,126,64
2026-07-15T01:43:00.622726+00:00,session_20260708_094211,585.4854188126261,-13.92137197455178,Pending reconciliation pending_reconcile_9f42832bb80a9a40a48478f2 bet bet_20260708_095009_6 (LOSS),585.4854188126261,1973.3271214313168,0.0,3343.699782341424,125,65
2026-07-15T01:43:00.622727+00:00,session_20260708_094211,571.5640468380744,-13.92137197455178,Pending reconciliation pending_reconcile_9f42832bb80a9a40a48478f2 bet bet_20260708_095009_12 (LOSS),571.5640468380744,1959.4057494567653,0.0,3343.699782341424,124,66
2026-07-15T01:43:00.622728+00:00,session_20260709_051522,592.8367741108016,21.27272727272728,Pending reconciliation pending_reconcile_9f42832bb80a9a40a48478f2 bet bet_20260709_052136_7 (WIN),592.8367741108016,1943.0421130931288,0.0,3343.699782341424,123,67
2026-07-15T01:43:00.622728+00:00,session_20260709_051522,592.8367741108016,21.27272727272728,Pending reconciliation pending_reconcile_9f42832bb80a9a40a48478f2 bet bet_20260709_052136_7 (WIN),592.8367741108016,1943.0421130931288,0.0,3343.699782341424,123,67
2026-07-15T01:43:00.622728+00:00,session_20260709_051522,592.8367741108016,21.27272727272728,Pending reconciliation pending_reconcile_9f42832bb80a9a40a48478f2 bet bet_20260709_052136_7 (WIN),592.8367741108016,1943.0421130931288,0.0,3343.699782341424,123,67
2026-07-15T01:43:00.622728+00:00,session_20260709_051522,592.8367741108016,21.27272727272728,Pending reconciliation pending_reconcile_9f42832bb80a9a40a48478f2 bet bet_20260709_052136_7 (WIN),592.8367741108016,1943.0421130931288,0.0,3343.699782341424,123,67
2026-07-15T01:43:00.622729+00:00,session_20260709_004018,556.8367741108016,-36.0,Pending reconciliation pending_reconcile_9f42832bb80a9a40a48478f2 bet bet_20260709_005114_1 (LOSS),556.8367741108016,1907.0421130931288,0.0,3343.699782341424,122,68
2026-07-15T01:43:00.622729+00:00,session_20260709_004018,556.8367741108016,-36.0,Pending reconciliation pending_reconcile_9f42832bb80a9a40a48478f2 bet bet_20260709_005114_1 (LOSS),556.8367741108016,1907.0421130931288,0.0,3343.699782341424,122,68
2026-07-15T01:43:00.622730+00:00,session_20260709_004018,520.8367741108016,-36.0,Pending reconciliation pending_reconcile_9f42832bb80a9a40a48478f2 bet bet_20260709_005114_2 (LOSS),520.8367741108016,1871.0421130931288,0.0,3343.699782341424,121,69
2026-07-15T01:43:00.622730+00:00,session_20260709_004018,520.8367741108016,-36.0,Pending reconciliation pending_reconcile_9f42832bb80a9a40a48478f2 bet bet_20260709_005114_2 (LOSS),520.8367741108016,1871.0421130931288,0.0,3343.699782341424,121,69
2026-07-15T01:43:00.622731+00:00,session_20260709_014742,495.1224883965159,-25.71428571428571,Pending reconciliation pending_reconcile_9f42832bb80a9a40a48478f2 bet bet_20260709_015215_4 (LOSS),495.1224883965159,1845.3278273788435,0.0,3343.699782341424,120,70
2026-07-15T01:43:00.622732+00:00,session_20260709_004018,459.1224883965159,-36.0,Pending reconciliation pending_reconcile_9f42832bb80a9a40a48478f2 bet bet_20260709_005114_4 (LOSS),459.1224883965159,1809.3278273788435,0.0,3343.699782341424,119,71
2026-07-15T01:43:00.622732+00:00,session_20260709_004018,459.1224883965159,-36.0,Pending reconciliation pending_reconcile_9f42832bb80a9a40a48478f2 bet bet_20260709_005114_4 (LOSS),459.1224883965159,1809.3278273788435,0.0,3343.699782341424,119,71
2026-07-15T01:43:00.622733+00:00,session_20260709_234034,482.3482948481288,23.22580645161289,Pending reconciliation pending_reconcile_9f42832bb80a9a40a48478f2 bet bet_20260709_234450_0 (WIN),482.3482948481288,1773.3278273788435,0.0,3343.699782341424,118,72
2026-07-15T01:43:00.622733+00:00,session_20260709_234034,482.3482948481288,23.22580645161289,Pending reconciliation pending_reconcile_9f42832bb80a9a40a48478f2 bet bet_20260709_234450_0 (WIN),482.3482948481288,1773.3278273788435,0.0,3343.699782341424,118,72
2026-07-15T01:43:00.622734+00:00,session_20260709_221100,518.7119312117652,36.36363636363636,Pending reconciliation pending_reconcile_9f42832bb80a9a40a48478f2 bet bet_20260709_221841_0 (WIN),518.7119312117652,1713.3278273788435,0.0,3343.699782341424,117,73
2026-07-15T01:43:00.622735+00:00,session_20260710_013750,524.819337202557,6.107405990791783,Pending reconciliation pending_reconcile_9f42832bb80a9a40a48478f2 bet bet_20260710_015306_4 (WIN),524.819337202557,1705.388199590814,0.0,3343.699782341424,116,74
2026-07-15T01:43:00.622735+00:00,session_20260710_013750,524.819337202557,6.107405990791783,Pending reconciliation pending_reconcile_9f42832bb80a9a40a48478f2 bet bet_20260710_015306_4 (WIN),524.819337202557,1705.388199590814,0.0,3343.699782341424,116,74
2026-07-15T01:43:00.622736+00:00,session_20260709_221100,656.819337202557,132.0,Pending reconciliation pending_reconcile_9f42832bb80a9a40a48478f2 bet bet_20260709_221841_2 (WIN),656.819337202557,1645.388199590814,0.0,3343.699782341424,115,75
2026-07-15T01:43:00.622736+00:00,session_20260709_221100,656.819337202557,132.0,Pending reconciliation pending_reconcile_9f42832bb80a9a40a48478f2 bet bet_20260709_221841_2 (WIN),656.819337202557,1645.388199590814,0.0,3343.699782341424,115,75
2026-07-15T01:43:00.622737+00:00,session_20260710_001603,696.4193372025569,39.6,Pending reconciliation pending_reconcile_9f42832bb80a9a40a48478f2 bet bet_20260710_002235_4 (WIN),696.4193372025569,1627.388199590814,0.0,3343.699782341424,114,76
2026-07-15T01:43:00.622738+00:00,session_20260709_234034,775.619337202557,79.2,Pending reconciliation pending_reconcile_9f42832bb80a9a40a48478f2 bet bet_20260709_234450_3 (WIN),775.619337202557,1591.388199590814,0.0,3343.699782341424,113,77
2026-07-15T01:43:00.622739+00:00,session_20260710_000425,749.9050514882712,-25.71428571428571,Pending reconciliation pending_reconcile_9f42832bb80a9a40a48478f2 bet bet_20260710_000959_1 (LOSS),749.9050514882712,1565.6739138765283,0.0,3343.699782341424,112,78
2026-07-15T01:43:00.622740+00:00,session_20260709_221100,689.9050514882712,-60.0,Pending reconciliation pending_reconcile_9f42832bb80a9a40a48478f2 bet bet_20260709_221841_1 (LOSS),689.9050514882712,1505.6739138765283,0.0,3343.699782341424,111,79
2026-07-15T01:43:00.622740+00:00,session_20260709_221100,689.9050514882712,-60.0,Pending reconciliation pending_reconcile_9f42832bb80a9a40a48478f2 bet bet_20260709_221841_1 (LOSS),689.9050514882712,1505.6739138765283,0.0,3343.699782341424,111,79
2026-07-15T01:43:00.622741+00:00,session_20260710_044225,696.9225953479204,7.017543859649123,Pending reconciliation pending_reconcile_9f42832bb80a9a40a48478f2 bet bet_20260710_045247_7 (WIN),696.9225953479204,1496.200229666002,0.0,3343.699782341424,110,80
2026-07-15T01:43:00.622741+00:00,session_20260710_044225,696.9225953479204,7.017543859649123,Pending reconciliation pending_reconcile_9f42832bb80a9a40a48478f2 bet bet_20260710_045247_7 (WIN),696.9225953479204,1496.200229666002,0.0,3343.699782341424,110,80
2026-07-15T01:43:00.622742+00:00,session_20260709_234034,724.614903040228,27.692307692307686,Pending reconciliation pending_reconcile_9f42832bb80a9a40a48478f2 bet bet_20260709_234450_4 (WIN),724.614903040228,1460.200229666002,0.0,3343.699782341424,109,81
2026-07-15T01:43:00.622742+00:00,session_20260709_234034,724.614903040228,27.692307692307693,Pending reconciliation pending_reconcile_9f42832bb80a9a40a48478f2 bet bet_20260709_234450_4 (WIN),724.614903040228,1460.200229666002,0.0,3343.6997823414235,109,81
2026-07-15T01:43:00.622742+00:00,session_20260709_234034,724.614903040228,27.692307692307686,Pending reconciliation pending_reconcile_9f42832bb80a9a40a48478f2 bet bet_20260709_234450_4 (WIN),724.614903040228,1460.200229666002,0.0,3343.699782341424,109,81
2026-07-15T01:43:00.622743+00:00,session_20260710_001603,706.614903040228,-18.0,Pending reconciliation pending_reconcile_9f42832bb80a9a40a48478f2 bet bet_20260710_002235_7 (LOSS),706.614903040228,1442.200229666002,0.0,3343.699782341424,108,82
2026-07-15T01:43:00.622743+00:00,session_20260710_001603,706.614903040228,-18.0,Pending reconciliation pending_reconcile_9f42832bb80a9a40a48478f2 bet bet_20260710_002235_7 (LOSS),706.614903040228,1442.200229666002,0.0,3343.699782341424,108,82
2026-07-15T01:43:00.622744+00:00,session_20260710_044225,697.1412188297016,-9.473684210526317,Pending reconciliation pending_reconcile_9f42832bb80a9a40a48478f2 bet bet_20260710_045247_10 (LOSS),697.1412188297016,1432.726545455476,0.0,3343.699782341424,107,83
2026-07-15T01:43:00.622745+00:00,session_20260710_000425,671.426933115416,-25.71428571428571,Pending reconciliation pending_reconcile_9f42832bb80a9a40a48478f2 bet bet_20260710_000959_6 (LOSS),671.426933115416,1407.01225974119,0.0,3343.699782341424,106,84
2026-07-15T01:43:00.622746+00:00,session_20260709_234034,635.426933115416,-36.0,Pending reconciliation pending_reconcile_9f42832bb80a9a40a48478f2 bet bet_20260709_234450_1 (LOSS),635.426933115416,1371.01225974119,0.0,3343.699782341424,105,85
2026-07-15T01:43:00.622746+00:00,session_20260709_234034,635.426933115416,-36.0,Pending reconciliation pending_reconcile_9f42832bb80a9a40a48478f2 bet bet_20260709_234450_1 (LOSS),635.426933115416,1371.01225974119,0.0,3343.699782341424,105,85
2026-07-15T01:43:00.622747+00:00,session_20260710_112249,625.2598376652973,-10.167095450118811,Pending reconciliation pending_reconcile_9f42832bb80a9a40a48478f2 bet bet_20260710_113043_6 (LOSS),625.2598376652973,1360.8451642910711,0.0,3343.699782341424,104,86
2026-07-15T01:43:00.622748+00:00,session_20260709_234034,668.4598376652972,43.2,Pending reconciliation pending_reconcile_9f42832bb80a9a40a48478f2 bet bet_20260709_234450_2 (WIN),668.4598376652972,1324.8451642910711,0.0,3343.699782341424,103,87
2026-07-15T01:43:00.622749+00:00,session_20260710_112249,680.6603522054397,12.200514540142573,Pending reconciliation pending_reconcile_9f42832bb80a9a40a48478f2 bet bet_20260710_113043_7 (WIN),680.6603522054397,1314.6780688409524,0.0,3343.699782341424,102,88
2026-07-15T01:43:00.622749+00:00,session_20260710_112249,680.6603522054397,12.200514540142573,Pending reconciliation pending_reconcile_9f42832bb80a9a40a48478f2 bet bet_20260710_113043_7 (WIN),680.6603522054397,1314.6780688409524,0.0,3343.699782341424,102,88
2026-07-15T01:43:00.622750+00:00,session_20260710_081558,693.8653407958722,13.204988590432428,Pending reconciliation pending_reconcile_9f42832bb80a9a40a48478f2 bet bet_20260710_082818_12 (WIN),693.8653407958722,1307.5402371704483,0.0,3343.699782341424,101,89
2026-07-15T01:43:00.622750+00:00,session_20260710_081558,693.8653407958722,13.204988590432428,Pending reconciliation pending_reconcile_9f42832bb80a9a40a48478f2 bet bet_20260710_082818_12 (WIN),693.8653407958722,1307.5402371704483,0.0,3343.699782341424,101,89
2026-07-15T01:43:00.622751+00:00,session_20260710_041911,710.5153407958721,16.65,Pending reconciliation pending_reconcile_9f42832bb80a9a40a48478f2 bet bet_20260710_043148_8 (WIN),710.5153407958721,1298.5402371704483,0.0,3343.699782341424,100,90
2026-07-15T01:43:00.622752+00:00,session_20260710_001603,743.8153407958722,33.3,Pending reconciliation pending_reconcile_9f42832bb80a9a40a48478f2 bet bet_20260710_002235_9 (WIN),743.8153407958722,1280.5402371704483,0.0,3343.699782341424,99,91
2026-07-15T01:43:00.622753+00:00,session_20260710_112249,733.6482453457535,-10.167095450118811,Pending reconciliation pending_reconcile_9f42832bb80a9a40a48478f2 bet bet_20260710_113043_2 (LOSS),733.6482453457535,1270.3731417203296,0.0,3343.699782341424,98,92
2026-07-15T01:43:00.622754+00:00,session_20260710_001603,715.6482453457534,-18.0,Pending reconciliation pending_reconcile_9f42832bb80a9a40a48478f2 bet bet_20260710_002235_5 (LOSS),715.6482453457534,1252.3731417203296,0.0,3343.699782341424,97,93
2026-07-15T01:43:00.622754+00:00,session_20260710_001603,715.6482453457534,-18.0,Pending reconciliation pending_reconcile_9f42832bb80a9a40a48478f2 bet bet_20260710_002235_5 (LOSS),715.6482453457534,1252.3731417203296,0.0,3343.699782341424,97,93
2026-07-15T01:43:00.622755+00:00,session_20260710_001603,697.6482453457534,-18.0,Pending reconciliation pending_reconcile_9f42832bb80a9a40a48478f2 bet bet_20260710_002235_8 (LOSS),697.6482453457534,1234.3731417203296,0.0,3343.699782341424,96,94
2026-07-15T01:43:00.622755+00:00,session_20260710_001603,697.6482453457534,-18.0,Pending reconciliation pending_reconcile_9f42832bb80a9a40a48478f2 bet bet_20260710_002235_8 (LOSS),697.6482453457534,1234.3731417203296,0.0,3343.699782341424,96,94
2026-07-15T01:43:00.622756+00:00,session_20260709_010548,701.3217147335084,3.6734693877551,Pending reconciliation pending_reconcile_9f42832bb80a9a40a48478f2 bet bet_20260709_011152_0 (WIN),701.3217147335084,1208.658856006044,0.0,3343.699782341424,95,95
2026-07-15T01:43:00.622756+00:00,session_20260709_010548,701.3217147335084,3.6734693877551,Pending reconciliation pending_reconcile_9f42832bb80a9a40a48478f2 bet bet_20260709_011152_0 (WIN),701.3217147335084,1208.658856006044,0.0,3343.699782341424,95,95
2026-07-15T01:43:00.622757+00:00,session_20260709_004018,706.4645718763657,5.142857142857141,Pending reconciliation pending_reconcile_9f42832bb80a9a40a48478f2 bet bet_20260709_005114_0 (WIN),706.4645718763657,1172.658856006044,0.0,3343.699782341424,94,96
2026-07-15T01:43:00.622757+00:00,session_20260709_004018,706.4645718763657,5.142857142857141,Pending reconciliation pending_reconcile_9f42832bb80a9a40a48478f2 bet bet_20260709_005114_0 (WIN),706.4645718763657,1172.658856006044,0.0,3343.699782341424,94,96
2026-07-15T01:43:00.622758+00:00,session_20260710_150558,690.0123361261421,-16.45223575022346,Pending reconciliation pending_reconcile_9f42832bb80a9a40a48478f2 bet bet_20260710_151742_0 (LOSS),690.0123361261421,1156.2066202558203,0.0,3343.699782341424,93,97
2026-07-15T01:43:00.622759+00:00,session_20260710_081558,686.1104091559076,-3.901926970234597,Pending reconciliation pending_reconcile_9f42832bb80a9a40a48478f2 bet bet_20260710_082818_0 (LOSS),686.1104091559076,1152.304693285586,0.0,3343.699782341424,92,98
2026-07-15T01:43:00.622760+00:00,session_20260710_041911,692.3173057076317,6.206896551724138,Pending reconciliation pending_reconcile_9f42832bb80a9a40a48478f2 bet bet_20260710_043148_9 (WIN),692.3173057076317,1143.304693285586,0.0,3343.699782341424,91,99
2026-07-15T01:43:00.622760+00:00,session_20260710_041911,692.3173057076317,6.206896551724138,Pending reconciliation pending_reconcile_9f42832bb80a9a40a48478f2 bet bet_20260710_043148_9 (WIN),692.3173057076317,1143.304693285586,0.0,3343.699782341424,91,99
2026-07-15T01:43:00.622761+00:00,session_20260710_081558,697.2399482390138,4.922642531382079,Pending reconciliation pending_reconcile_9f42832bb80a9a40a48478f2 bet bet_20260710_082818_13 (WIN),697.2399482390138,1136.166861615082,0.0,3343.699782341424,90,100
2026-07-15T01:43:00.622761+00:00,session_20260710_081558,697.2399482390138,4.922642531382079,Pending reconciliation pending_reconcile_9f42832bb80a9a40a48478f2 bet bet_20260710_082818_13 (WIN),697.2399482390138,1136.166861615082,0.0,3343.699782341424,90,100
2026-07-15T01:43:00.622762+00:00,session_20260710_041911,712.0899482390138,14.85,Pending reconciliation pending_reconcile_9f42832bb80a9a40a48478f2 bet bet_20260710_043148_10 (WIN),712.0899482390138,1127.166861615082,0.0,3343.699782341424,89,101
2026-07-15T01:43:00.622763+00:00,session_20260710_081558,723.1535873282951,11.063639089281224,Pending reconciliation pending_reconcile_9f42832bb80a9a40a48478f2 bet bet_20260710_082818_15 (WIN),723.1535873282951,1120.029029944578,0.0,3343.699782341424,88,102
2026-07-15T01:43:00.622763+00:00,session_20260710_081558,723.1535873282951,11.063639089281224,Pending reconciliation pending_reconcile_9f42832bb80a9a40a48478f2 bet bet_20260710_082818_15 (WIN),723.1535873282951,1120.029029944578,0.0,3343.699782341424,88,102
2026-07-15T01:43:00.622764+00:00,session_20260710_112249,712.9864918781761,-10.167095450118811,Pending reconciliation pending_reconcile_9f42832bb80a9a40a48478f2 bet bet_20260710_113043_8 (LOSS),712.9864918781761,1109.861934494459,0.0,3343.699782341424,87,103
2026-07-15T01:43:00.622765+00:00,session_20260710_044225,703.5128076676499,-9.473684210526317,Pending reconciliation pending_reconcile_9f42832bb80a9a40a48478f2 bet bet_20260710_045247_8 (LOSS),703.5128076676499,1100.3882502839328,0.0,3343.699782341424,86,104
2026-07-15T01:43:00.622766+00:00,session_20260710_134750,686.6969333619669,-16.815874305683025,Pending reconciliation pending_reconcile_9f42832bb80a9a40a48478f2 bet bet_20260710_140004_5 (LOSS),686.6969333619669,1083.5723759782495,0.0,3343.699782341424,85,105
2026-07-15T01:43:00.622767+00:00,session_20260710_044225,712.7495649409142,26.052631578947366,Pending reconciliation pending_reconcile_9f42832bb80a9a40a48478f2 bet bet_20260710_045247_11 (WIN),712.7495649409142,1074.0986917677235,0.0,3343.699782341424,84,106
2026-07-15T01:43:00.622767+00:00,session_20260710_044225,712.7495649409142,26.052631578947373,Pending reconciliation pending_reconcile_9f42832bb80a9a40a48478f2 bet bet_20260710_045247_11 (WIN),712.7495649409142,1074.0986917677235,0.0,3343.6997823414235,84,106
2026-07-15T01:43:00.622767+00:00,session_20260710_044225,712.7495649409142,26.052631578947366,Pending reconciliation pending_reconcile_9f42832bb80a9a40a48478f2 bet bet_20260710_045247_11 (WIN),712.7495649409142,1074.0986917677235,0.0,3343.699782341424,84,106
2026-07-15T01:43:00.622768+00:00,session_20260710_134750,755.630044420406,42.88047947949171,Pending reconciliation pending_reconcile_9f42832bb80a9a40a48478f2 bet bet_20260710_140004_7 (WIN),755.630044420406,1057.2828174620404,0.0,3343.699782341424,83,107
2026-07-15T01:43:00.622768+00:00,session_20260710_134750,755.630044420406,42.88047947949171,Pending reconciliation pending_reconcile_9f42832bb80a9a40a48478f2 bet bet_20260710_140004_7 (WIN),755.630044420406,1057.2828174620404,0.0,3343.699782341424,83,107
2026-07-15T01:43:00.622769+00:00,session_20260710_150558,770.7035710793715,15.073526658965571,Pending reconciliation pending_reconcile_9f42832bb80a9a40a48478f2 bet bet_20260710_151742_4 (WIN),770.7035710793715,1033.9188511406437,0.0,3343.699782341424,82,108
2026-07-15T01:43:00.622769+00:00,session_20260710_150558,770.7035710793715,15.073526658965571,Pending reconciliation pending_reconcile_9f42832bb80a9a40a48478f2 bet bet_20260710_151742_4 (WIN),770.7035710793715,1033.9188511406437,0.0,3343.699782341424,82,108
2026-07-15T01:43:00.622770+00:00,session_20260710_134750,781.5525222443283,10.848951164956784,Pending reconciliation pending_reconcile_9f42832bb80a9a40a48478f2 bet bet_20260710_140004_6 (WIN),781.5525222443283,1017.1029768349608,0.0,3343.699782341424,81,109
2026-07-15T01:43:00.622770+00:00,session_20260710_134750,781.5525222443283,10.848951164956784,Pending reconciliation pending_reconcile_9f42832bb80a9a40a48478f2 bet bet_20260710_140004_6 (WIN),781.5525222443283,1017.1029768349608,0.0,3343.699782341424,81,109
2026-07-15T01:43:00.622771+00:00,session_20260710_041911,787.3589738572315,5.806451612903223,Pending reconciliation pending_reconcile_9f42832bb80a9a40a48478f2 bet bet_20260710_043148_7 (WIN),787.3589738572315,1008.1029768349608,0.0,3343.699782341424,80,110
2026-07-15T01:43:00.622771+00:00,session_20260710_041911,787.3589738572315,5.806451612903222,Pending reconciliation pending_reconcile_9f42832bb80a9a40a48478f2 bet bet_20260710_043148_7 (WIN),787.3589738572315,1008.1029768349608,0.0,3343.6997823414235,80,110
2026-07-15T01:43:00.622771+00:00,session_20260710_041911,787.3589738572315,5.806451612903223,Pending reconciliation pending_reconcile_9f42832bb80a9a40a48478f2 bet bet_20260710_043148_7 (WIN),787.3589738572315,1008.1029768349608,0.0,3343.699782341424,80,110
2026-07-15T01:43:00.622772+00:00,session_20260710_112249,793.918390276663,6.559416419431488,Pending reconciliation pending_reconcile_9f42832bb80a9a40a48478f2 bet bet_20260710_113043_9 (WIN),793.918390276663,997.935881384842,0.0,3343.699782341424,79,111
2026-07-15T01:43:00.622772+00:00,session_20260710_112249,793.918390276663,6.559416419431488,Pending reconciliation pending_reconcile_9f42832bb80a9a40a48478f2 bet bet_20260710_113043_9 (WIN),793.918390276663,997.935881384842,0.0,3343.6997823414235,79,111
2026-07-15T01:43:00.622772+00:00,session_20260710_112249,793.918390276663,6.559416419431488,Pending reconciliation pending_reconcile_9f42832bb80a9a40a48478f2 bet bet_20260710_113043_9 (WIN),793.918390276663,997.935881384842,0.0,3343.699782341424,79,111
2026-07-15T01:43:00.622773+00:00,session_20260709_215011,613.918390276663,-180.0,Pending reconciliation pending_reconcile_9f42832bb80a9a40a48478f2 bet bet_20260709_215513_0 (LOSS),613.918390276663,817.9358813848419,0.0,3343.699782341424,78,112
2026-07-15T01:43:00.622773+00:00,session_20260709_215011,613.918390276663,-180.0,Pending reconciliation pending_reconcile_9f42832bb80a9a40a48478f2 bet bet_20260709_215513_0 (LOSS),613.918390276663,817.9358813848419,0.0,3343.699782341424,78,112
2026-07-15T01:43:00.622774+00:00,session_20260710_013750,605.9787624886337,-7.939627788029318,Pending reconciliation pending_reconcile_9f42832bb80a9a40a48478f2 bet bet_20260710_015306_11 (LOSS),605.9787624886337,809.9962535968126,0.0,3343.699782341424,77,113
2026-07-15T01:43:00.622775+00:00,session_20260710_013750,598.0391347006044,-7.939627788029318,Pending reconciliation pending_reconcile_9f42832bb80a9a40a48478f2 bet bet_20260710_015306_12 (LOSS),598.0391347006044,802.0566258087833,0.0,3343.699782341424,76,114
2026-07-15T01:43:00.622776+00:00,session_20260710_112249,587.8720392504856,-10.167095450118811,Pending reconciliation pending_reconcile_9f42832bb80a9a40a48478f2 bet bet_20260710_113043_17 (LOSS),587.8720392504856,791.8895303586645,0.0,3343.699782341424,75,115
2026-07-15T01:43:00.622777+00:00,session_20260710_013750,579.9324114624562,-7.939627788029318,Pending reconciliation pending_reconcile_9f42832bb80a9a40a48478f2 bet bet_20260710_015306_13 (LOSS),579.9324114624562,783.9499025706352,0.0,3343.699782341424,74,116
2026-07-15T01:43:00.622778+00:00,session_20260710_013750,571.9927836744268,-7.939627788029318,Pending reconciliation pending_reconcile_9f42832bb80a9a40a48478f2 bet bet_20260710_015306_14 (LOSS),571.9927836744268,776.010274782606,0.0,3343.699782341424,73,117
2026-07-15T01:43:00.622779+00:00,session_20260710_081558,564.8549520039229,-7.137831670504015,Pending reconciliation pending_reconcile_9f42832bb80a9a40a48478f2 bet bet_20260710_082818_17 (LOSS),564.8549520039229,768.8724431121018,0.0,3343.699782341424,72,118
2026-07-15T01:43:00.622780+00:00,session_20260710_013750,556.9153242158936,-7.939627788029318,Pending reconciliation pending_reconcile_9f42832bb80a9a40a48478f2 bet bet_20260710_015306_15 (LOSS),556.9153242158936,760.9328153240725,0.0,3343.699782341424,71,119
2026-07-15T01:43:00.622781+00:00,session_20260710_013750,548.9756964278642,-7.939627788029318,Pending reconciliation pending_reconcile_9f42832bb80a9a40a48478f2 bet bet_20260710_015306_16 (LOSS),548.9756964278642,752.9931875360433,0.0,3343.699782341424,70,120
2026-07-15T01:43:00.622782+00:00,session_20260710_081558,541.8378647573602,-7.137831670504015,Pending reconciliation pending_reconcile_9f42832bb80a9a40a48478f2 bet bet_20260710_082818_18 (LOSS),541.8378647573602,745.8553558655392,0.0,3343.699782341424,69,121
2026-07-15T01:43:00.622783+00:00,session_20260710_013750,544.3583815154648,2.5205167581045447,Pending reconciliation pending_reconcile_9f42832bb80a9a40a48478f2 bet bet_20260710_015306_22 (WIN),544.3583815154648,737.9157280775099,0.0,3343.699782341424,68,122
2026-07-15T01:43:00.622783+00:00,session_20260710_013750,544.3583815154648,2.5205167581045447,Pending reconciliation pending_reconcile_9f42832bb80a9a40a48478f2 bet bet_20260710_015306_22 (WIN),544.3583815154648,737.9157280775099,0.0,3343.699782341424,68,122
2026-07-15T01:43:00.622784+00:00,session_20260710_081558,546.3977619927517,2.0393804772868607,Pending reconciliation pending_reconcile_9f42832bb80a9a40a48478f2 bet bet_20260710_082818_23 (WIN),546.3977619927517,730.7778964070059,0.0,3343.699782341424,67,123
2026-07-15T01:43:00.622784+00:00,session_20260710_081558,546.3977619927517,2.0393804772868607,Pending reconciliation pending_reconcile_9f42832bb80a9a40a48478f2 bet bet_20260710_082818_23 (WIN),546.3977619927517,730.7778964070059,0.0,3343.699782341424,67,123
2026-07-15T01:43:00.622785+00:00,session_20260710_081558,557.4614010820329,11.063639089281224,Pending reconciliation pending_reconcile_9f42832bb80a9a40a48478f2 bet bet_20260710_082818_16 (WIN),557.4614010820329,723.6400647365018,0.0,3343.699782341424,66,124
2026-07-15T01:43:00.622785+00:00,session_20260710_081558,557.4614010820329,11.063639089281224,Pending reconciliation pending_reconcile_9f42832bb80a9a40a48478f2 bet bet_20260710_082818_16 (WIN),557.4614010820329,723.6400647365018,0.0,3343.699782341424,66,124
2026-07-15T01:43:00.622786+00:00,session_20260710_150558,593.6755488801977,36.21414779816481,Pending reconciliation pending_reconcile_9f42832bb80a9a40a48478f2 bet bet_20260710_151742_2 (WIN),593.6755488801977,700.2760984151053,0.0,3343.699782341424,65,125
2026-07-15T01:43:00.622786+00:00,session_20260710_150558,593.6755488801977,36.21414779816481,Pending reconciliation pending_reconcile_9f42832bb80a9a40a48478f2 bet bet_20260710_151742_2 (WIN),593.6755488801977,700.2760984151053,0.0,3343.699782341424,65,125
2026-07-15T01:43:00.622787+00:00,session_20260709_051522,577.3119125165613,-16.363636363636363,Pending reconciliation pending_reconcile_9f42832bb80a9a40a48478f2 bet bet_20260709_052136_8 (LOSS),577.3119125165613,683.9124620514689,0.0,3343.699782341424,64,126
2026-07-15T01:43:00.622788+00:00,session_20260710_081558,572.5217995788923,-4.790112937669028,Pending reconciliation pending_reconcile_9f42832bb80a9a40a48478f2 bet bet_20260710_082818_19 (LOSS),572.5217995788923,679.1223491137998,0.0,3343.699782341424,63,127
2026-07-15T01:43:00.622789+00:00,session_20260710_041911,595.0217995788923,22.5,Pending reconciliation pending_reconcile_9f42832bb80a9a40a48478f2 bet bet_20260710_043148_17 (WIN),595.0217995788923,670.1223491137998,0.0,3343.699782341424,62,128
2026-07-15T01:43:00.622790+00:00,session_20260710_041911,586.0217995788923,-9.0,Pending reconciliation pending_reconcile_9f42832bb80a9a40a48478f2 bet bet_20260710_043148_18 (LOSS),586.0217995788923,661.1223491137998,0.0,3343.699782341424,61,129
2026-07-15T01:43:00.622790+00:00,session_20260710_041911,586.0217995788923,-9.0,Pending reconciliation pending_reconcile_9f42832bb80a9a40a48478f2 bet bet_20260710_043148_18 (LOSS),586.0217995788923,661.1223491137998,0.0,3343.699782341424,61,129
2026-07-15T01:43:00.622791+00:00,session_20260710_112249,599.7473784365527,13.725578857660397,Pending reconciliation pending_reconcile_9f42832bb80a9a40a48478f2 bet bet_20260710_113043_15 (WIN),599.7473784365527,650.955253663681,0.0,3343.699782341424,60,130
2026-07-15T01:43:00.622791+00:00,session_20260710_112249,599.7473784365527,13.725578857660397,Pending reconciliation pending_reconcile_9f42832bb80a9a40a48478f2 bet bet_20260710_113043_15 (WIN),599.7473784365527,650.955253663681,0.0,3343.699782341424,60,130
2026-07-15T01:43:00.622791+00:00,session_20260710_112249,599.7473784365527,13.725578857660397,Pending reconciliation pending_reconcile_9f42832bb80a9a40a48478f2 bet bet_20260710_113043_15 (WIN),599.7473784365527,650.955253663681,0.0,3343.699782341424,60,130
2026-07-15T01:43:00.622792+00:00,session_20260710_171229,569.7473784365527,-30.0,Pending reconciliation pending_reconcile_9f42832bb80a9a40a48478f2 bet bet_20260710_172229_2 (LOSS),569.7473784365527,620.955253663681,0.0,3343.699782341424,59,131
2026-07-15T01:43:00.622792+00:00,session_20260710_171229,569.7473784365527,-30.0,Pending reconciliation pending_reconcile_9f42832bb80a9a40a48478f2 bet bet_20260710_172229_2 (LOSS),569.7473784365527,620.955253663681,0.0,3343.699782341424,59,131
2026-07-15T01:43:00.622793+00:00,session_20260710_171229,539.7473784365527,-30.0,Pending reconciliation pending_reconcile_9f42832bb80a9a40a48478f2 bet bet_20260710_172229_3 (LOSS),539.7473784365527,590.955253663681,0.0,3343.699782341424,58,132
2026-07-15T01:43:00.622793+00:00,session_20260710_171229,539.7473784365527,-30.0,Pending reconciliation pending_reconcile_9f42832bb80a9a40a48478f2 bet bet_20260710_172229_3 (LOSS),539.7473784365527,590.955253663681,0.0,3343.699782341424,58,132
2026-07-15T01:43:00.622794+00:00,session_20260710_134750,522.9315041308697,-16.815874305683025,Pending reconciliation pending_reconcile_9f42832bb80a9a40a48478f2 bet bet_20260710_140004_8 (LOSS),522.9315041308697,574.139379357998,0.0,3343.699782341424,57,133
2026-07-15T01:43:00.622795+00:00,session_20260710_161148,567.9315041308697,45.0,Pending reconciliation pending_reconcile_9f42832bb80a9a40a48478f2 bet bet_20260710_161910_1 (WIN),567.9315041308697,529.139379357998,38.79212477287169,3343.699782341424,56,134
2026-07-15T01:43:00.622795+00:00,session_20260710_161148,567.9315041308697,45.0,Pending reconciliation pending_reconcile_9f42832bb80a9a40a48478f2 bet bet_20260710_161910_1 (WIN),567.9315041308697,529.139379357998,38.79212477287169,3343.699782341424,56,134
2026-07-15T01:43:00.622796+00:00,session_20260710_150558,592.4636687683361,24.53216463746648,Pending reconciliation pending_reconcile_9f42832bb80a9a40a48478f2 bet bet_20260710_151742_1 (WIN),592.4636687683361,505.77541303660126,86.68825573173481,3343.699782341424,55,135
2026-07-15T01:43:00.622796+00:00,session_20260710_150558,592.4636687683361,24.53216463746648,Pending reconciliation pending_reconcile_9f42832bb80a9a40a48478f2 bet bet_20260710_151742_1 (WIN),592.4636687683361,505.77541303660126,86.68825573173481,3343.699782341424,55,135
2026-07-15T01:43:00.622797+00:00,session_20260710_134750,610.1203367893033,17.656668020967174,Pending reconciliation pending_reconcile_9f42832bb80a9a40a48478f2 bet bet_20260710_140004_2 (WIN),610.1203367893033,488.9595387309183,121.16079805838504,3343.699782341424,54,136
2026-07-15T01:43:00.622797+00:00,session_20260710_134750,610.1203367893033,17.656668020967174,Pending reconciliation pending_reconcile_9f42832bb80a9a40a48478f2 bet bet_20260710_140004_2 (WIN),610.1203367893033,488.9595387309183,121.16079805838504,3343.699782341424,54,136
2026-07-15T01:43:00.622798+00:00,session_20260711_001326,593.756700425667,-16.363636363636363,Pending reconciliation pending_reconcile_9f42832bb80a9a40a48478f2 bet bet_20260711_002325_1 (LOSS),593.756700425667,472.595902367282,121.16079805838504,3343.699782341424,53,137
2026-07-15T01:43:00.622799+00:00,session_20260711_001326,577.3930640620306,-16.363636363636363,Pending reconciliation pending_reconcile_9f42832bb80a9a40a48478f2 bet bet_20260711_002325_2 (LOSS),577.3930640620306,456.2322660036456,121.16079805838504,3343.699782341424,52,138
2026-07-15T01:43:00.622800+00:00,session_20260711_001326,593.756700425667,16.363636363636363,Pending reconciliation pending_reconcile_9f42832bb80a9a40a48478f2 bet bet_20260711_002325_3 (WIN),593.756700425667,439.8686296400092,153.88807078565773,3343.699782341424,51,139
2026-07-15T01:43:00.622801+00:00,session_20260711_001326,577.3930640620306,-16.363636363636363,Pending reconciliation pending_reconcile_9f42832bb80a9a40a48478f2 bet bet_20260711_002325_4 (LOSS),577.3930640620306,423.5049932763729,153.88807078565773,3343.699782341424,50,140
2026-07-15T01:43:00.622802+00:00,session_20260711_001326,561.0294276983943,-16.363636363636363,Pending reconciliation pending_reconcile_9f42832bb80a9a40a48478f2 bet bet_20260711_002325_5 (LOSS),561.0294276983943,407.14135691273646,153.88807078565773,3343.699782341424,49,141
2026-07-15T01:43:00.622803+00:00,session_20260711_012711,572.5847459897824,11.555318291388188,Pending reconciliation pending_reconcile_9f42832bb80a9a40a48478f2 bet bet_20260711_013938_6 (WIN),572.5847459897824,398.58186188207856,174.00288410770384,3343.699782341424,48,142
2026-07-15T01:43:00.622803+00:00,session_20260711_012711,572.5847459897824,11.555318291388188,Pending reconciliation pending_reconcile_9f42832bb80a9a40a48478f2 bet bet_20260711_013938_6 (WIN),572.5847459897824,398.58186188207856,174.00288410770384,3343.699782341424,48,142
2026-07-15T01:43:00.622804+00:00,session_20260711_012711,564.0126639205976,-8.572082069184802,Pending reconciliation pending_reconcile_9f42832bb80a9a40a48478f2 bet bet_20260711_013938_7 (LOSS),564.0126639205976,390.0097798128938,174.00288410770384,3343.699782341424,47,143
2026-07-15T01:43:00.622805+00:00,session_20260711_012711,577.299391127834,13.286727207236444,Pending reconciliation pending_reconcile_9f42832bb80a9a40a48478f2 bet bet_20260711_013938_8 (WIN),577.299391127834,381.43769774370895,195.8616933841251,3343.699782341424,46,144
2026-07-15T01:43:00.622805+00:00,session_20260711_012711,577.299391127834,13.286727207236444,Pending reconciliation pending_reconcile_9f42832bb80a9a40a48478f2 bet bet_20260711_013938_8 (WIN),577.299391127834,381.43769774370895,195.8616933841251,3343.699782341424,46,144
2026-07-15T01:43:00.622806+00:00,session_20260711_025559,568.7201432367804,-8.579247891053665,Pending reconciliation pending_reconcile_9f42832bb80a9a40a48478f2 bet bet_20260711_030421_7 (LOSS),568.7201432367804,372.85844985265527,195.8616933841251,3343.699782341424,45,145
2026-07-15T01:43:00.622807+00:00,session_20260711_012711,560.1480611675956,-8.572082069184802,Pending reconciliation pending_reconcile_9f42832bb80a9a40a48478f2 bet bet_20260711_013938_9 (LOSS),560.1480611675956,364.2863677834705,195.8616933841251,3343.699782341424,44,146
2026-07-15T01:43:00.622808+00:00,session_20260711_154114,530.1480611675956,-30.0,Pending reconciliation pending_reconcile_9f42832bb80a9a40a48478f2 bet bet_20260711_155710_1 (LOSS),530.1480611675956,334.2863677834705,195.8616933841251,3343.699782341424,43,147
2026-07-15T01:43:00.622808+00:00,session_20260711_154114,530.1480611675956,-30.0,Pending reconciliation pending_reconcile_9f42832bb80a9a40a48478f2 bet bet_20260711_155710_1 (LOSS),530.1480611675956,334.2863677834705,195.8616933841251,3343.699782341424,43,147
2026-07-15T01:43:00.622809+00:00,session_20260711_154114,500.1480611675956,-30.0,Pending reconciliation pending_reconcile_9f42832bb80a9a40a48478f2 bet bet_20260711_155710_2 (LOSS),500.1480611675956,304.2863677834705,195.8616933841251,3343.699782341424,42,148
2026-07-15T01:43:00.622809+00:00,session_20260711_154114,500.1480611675956,-30.0,Pending reconciliation pending_reconcile_9f42832bb80a9a40a48478f2 bet bet_20260711_155710_2 (LOSS),500.1480611675956,304.2863677834705,195.8616933841251,3343.699782341424,42,148
2026-07-15T01:43:00.622810+00:00,,514.1015495396887,13.95348837209302,Pending reconciliation pending_reconcile_9f42832bb80a9a40a48478f2 bet bet_20260711_195507_2 (WIN),514.1015495396887,274.2863677834705,239.81518175621807,3343.699782341424,41,149
2026-07-15T01:43:00.622810+00:00,,514.1015495396887,13.95348837209302,Pending reconciliation pending_reconcile_9f42832bb80a9a40a48478f2 bet bet_20260711_195507_2 (WIN),514.1015495396887,274.2863677834705,239.81518175621807,3343.699782341424,41,149
2026-07-15T01:43:00.622810+00:00,,514.1015495396887,13.95348837209302,Pending reconciliation pending_reconcile_9f42832bb80a9a40a48478f2 bet bet_20260711_195507_2 (WIN),514.1015495396887,274.2863677834705,239.81518175621807,3343.699782341424,41,149
2026-07-15T01:43:00.622811+00:00,,484.1015495396886,-30.0,Pending reconciliation pending_reconcile_9f42832bb80a9a40a48478f2 bet bet_20260711_195507_4 (LOSS),484.1015495396886,244.28636778347047,239.81518175621807,3343.699782341424,40,150
2026-07-15T01:43:00.622811+00:00,,484.1015495396886,-30.0,Pending reconciliation pending_reconcile_9f42832bb80a9a40a48478f2 bet bet_20260711_195507_4 (LOSS),484.1015495396886,244.28636778347047,239.81518175621807,3343.699782341424,40,150
2026-07-15T01:43:00.622812+00:00,,494.1015495396886,10.0,Pending reconciliation pending_reconcile_9f42832bb80a9a40a48478f2 bet bet_20260711_195507_3 (WIN),494.1015495396886,214.28636778347047,279.81518175621807,3343.699782341424,39,151
2026-07-15T01:43:00.622812+00:00,,494.1015495396886,10.0,Pending reconciliation pending_reconcile_9f42832bb80a9a40a48478f2 bet bet_20260711_195507_3 (WIN),494.1015495396886,214.28636778347047,279.81518175621807,3343.699782341424,39,151
2026-07-15T01:43:00.622813+00:00,session_20260711_012711,485.5294674705039,-8.572082069184802,Pending reconciliation pending_reconcile_9f42832bb80a9a40a48478f2 bet bet_20260711_013938_10 (LOSS),485.5294674705039,205.7142857142857,279.81518175621807,3343.699782341424,38,152
2026-07-15T01:43:00.622814+00:00,session_20260709_010548,563.9580388990753,78.4285714285714,Pending reconciliation pending_reconcile_9f42832bb80a9a40a48478f2 bet bet_20260709_011152_6 (WIN),563.9580388990753,180.0,383.9580388990752,3343.699782341424,37,153
2026-07-15T01:43:00.622814+00:00,session_20260709_010548,563.9580388990753,78.4285714285714,Pending reconciliation pending_reconcile_9f42832bb80a9a40a48478f2 bet bet_20260709_011152_6 (WIN),563.9580388990753,180.0,383.9580388990752,3343.699782341424,37,153
2026-07-15 02:35:31,session_20260714_070036,558.982368800863,-4.975670098212187,Settled bet: Pedro Martinez vs Yannick Hanfmann (LOSS),558.982368800863,175.02432990178784,383.9580388990752,3343.699782341424,36,154
2026-07-15 03:13:05,session_20260715_031305_878897,558.982368800863,0.0,Session started,558.982368800863,175.02432990178784,383.9580388990752,3343.699782341424,36,154
2026-07-15 03:13:05,session_20260715_031305_878897,558.982368800863,0.0,Reserved $100.12 for 28 pending bets,558.982368800863,275.1421065790544,283.84026222180864,3443.81755901869,64,154
2026-07-15 03:13:41,session_20260714_070036,585.6639820598851,-4.7717298618192,Settled bet: Nicolai Budkov Kjaer vs Andrea Pellegrino (LOSS),585.6639820598851,227.6565243680193,358.00745769186585,3480.714428240869,53,171
2026-07-15 03:13:49,session_20260714_070036,588.9810954586933,3.317113398808123,Settled bet: Sebastian Ofner vs Thiago Agustin Tirante (WIN),588.9810954586933,222.6808542698072,366.30024118888616,3480.714428240869,52,172
2026-07-15 03:13:57,session_20260714_070036,584.0054253604811,-4.975670098212187,Settled bet: Adolfo Daniel Vallejo vs Miguel Damas (LOSS),584.0054253604811,217.70518417159496,366.30024118888616,3480.714428240869,51,173
2026-07-15 03:14:05,session_20260714_070036,600.1763531796707,16.170927819189608,Settled bet: Facundo Diaz Acosta vs Lautaro Midon (WIN),600.1763531796707,212.7295140733828,387.446839106288,3480.714428240869,50,174
2026-07-15 03:14:13,session_20260714_070036,595.2006830814585,-4.975670098212187,Settled bet: Dalibor Svrcina vs Grigor Dimitrov (LOSS),595.2006830814585,207.75384397517053,387.4468391062879,3480.714428240869,49,175
2026-07-15 03:14:21,session_20260714_070036,590.2885970586005,-4.912086022858069,Settled bet: Jerome Kym vs Dylan Dietrich (LOSS),590.2885970586005,202.8417579523125,387.44683910628805,3480.714428240869,48,176
2026-07-15 03:14:29,session_20260714_070036,585.3129269603883,-4.975670098212187,Settled bet: Jan Choinski vs Nikoloz Basilashvili (LOSS),585.3129269603883,197.8660878541003,387.446839106288,3480.714428240869,47,177
2026-07-15 03:14:59,session_20260714_070036,580.3372568621761,-4.975670098212187,Settled bet: Lorenzo Joaquin Rodriguez vs Aditya Vishal Balsekar (LOSS),580.3372568621761,192.89041775588817,387.446839106288,3480.714428240869,46,178
2026-07-15 03:14:59,session_20260714_070036,595.5017041327668,15.164447270590667,Settled bet: Marcelo Tomas Barrios Vera vs Niels Visker (WIN),595.5017041327668,189.3223125157492,406.1793916170176,3480.714428240869,45,179
2026-07-15 03:15:07,session_20260714_070036,590.5260340345546,-4.975670098212187,Settled bet: Daniel Altmaier vs Hugo Gaston (LOSS),590.5260340345546,184.34664241753697,406.1793916170177,3480.714428240869,44,180
2026-07-15 03:15:15,session_20260714_070036,585.5503639363424,-4.975670098212187,Settled bet: Nuno Borges vs Moise Kouame (LOSS),585.5503639363424,179.3709723193248,406.1793916170176,3480.714428240869,43,181
2026-07-15 03:15:23,session_20260714_070036,580.5746938381303,-4.975670098212187,Settled bet: Alex Molcan vs Valentin Royer (LOSS),580.5746938381303,174.39530222111262,406.1793916170177,3480.714428240869,42,182
2026-07-15 03:15:31,session_20260714_070036,577.5051801827944,-3.069513655335726,Settled bet: Max Dahlin vs Sebastian Baez (LOSS),577.5051801827944,171.3257885657769,406.1793916170176,3480.714428240869,41,183
2026-07-15 03:15:39,session_20260714_070036,573.0480581057365,-4.45712207705805,Settled bet: Colton Smith vs Andre Ilagan (LOSS),573.0480581057365,166.86866648871882,406.1793916170176,3480.714428240869,40,184
2026-07-15 03:16:19,session_20260714_070036,575.4174248191708,2.3693667134343763,Settled bet: Jaime Faria vs Stan Wawrinka (WIN),575.4174248191708,161.8929963905066,413.5244284286642,3480.714428240869,39,185
2026-07-15 03:16:27,session_20260714_070036,570.4417547209587,-4.975670098212187,Settled bet: Florian Broska vs Petr Bar Biryukov (LOSS),570.4417547209587,156.91732629229443,413.5244284286642,3480.714428240869,38,186
2026-07-15 04:26:07,session_20260715_100542_845267,570.4417547209587,0.0,Administrative invalid-recommendation refund bet_20260715_100535_1; reason_code=rank_identity_collision,570.4417547209587,147.04037479014332,423.4013799308153,3480.714428240869,37,186
2026-07-15 06:01:42,session_20260714_070036,561.8256088569842,2.8432400561212496,Settled bet: Luca Castelnuovo vs Antoine Ghibaudo (WIN),561.8256088569842,270.1664364808422,291.659172376142,3443.81755901869,63,155
2026-07-15 06:01:42,session_20260714_070036,556.849938758772,-4.975670098212187,Settled bet: Max Alcala Gurri vs Giorgio Tabacco (LOSS),556.849938758772,265.19076638263004,291.659172376142,3443.81755901869,62,156
2026-07-15 06:01:42,session_20260714_070036,551.8742686605599,-4.975670098212187,Settled bet: Sumit Nagal vs Cezar Cretu (LOSS),551.8742686605599,260.2150962844178,291.65917237614207,3443.81755901869,61,157
2026-07-15 06:02:01,session_20260714_070036,576.7526191516208,24.87835049106093,Settled bet: Daniel Siniakov vs Manuel Plunger (WIN),576.7526191516208,255.23942618620563,321.5131929654152,3443.81755901869,60,158
2026-07-15 06:02:01,session_20260714_070036,592.4259799609893,15.67336080936839,Settled bet: Jay Clarke vs Louis Wessels (WIN),592.4259799609893,250.26375608799344,342.1622238729958,3443.81755901869,59,159
2026-07-15 06:02:01,session_20260714_070036,587.450309862777,-4.975670098212187,Settled bet: Pedro Boscardin Dias vs Kimmer Coppejans (LOSS),587.450309862777,245.28808598978128,342.1622238729957,3443.81755901869,58,160
2026-07-15 06:02:10,session_20260714_070036,582.4746397645649,-4.975670098212187,Settled bet: Jordan Hasson vs Dylan Salton (LOSS),582.4746397645649,240.31241589156903,342.16222387299587,3443.81755901869,57,161
2026-07-15 06:02:10,session_20260714_070036,588.9430108922406,6.468371127675842,Settled bet: Gonzalo Villanueva vs Michele Ribecai (WIN),588.9430108922406,235.3367457933569,353.60626509888374,3443.81755901869,56,162
2026-07-15 06:02:10,session_20260714_070036,583.9673407940286,-4.975670098212187,Settled bet: Kris van Wyk vs Luc Koenig (LOSS),583.9673407940286,230.3610756951447,353.6062650988839,3443.81755901869,55,163
2026-07-15 06:02:20,session_20260714_070036,591.928412951168,7.961072157139499,Settled bet: Arthur Bellegy vs Mathieu Scaglia (WIN),591.928412951168,225.3854055969325,366.5430073542354,3443.81755901869,54,164
2026-07-15 06:02:20,session_20260714_070036,600.8846191279499,8.956206176781935,Settled bet: Amaury Raynel vs Maxence Rivet (WIN),600.8846191279499,220.40973549872035,380.4748836292296,3443.81755901869,53,165
2026-07-15 06:02:21,session_20260714_070036,595.9089490297378,-4.975670098212187,Settled bet: Guy den Ouden vs Denis Yevseyev (LOSS),595.9089490297378,215.43406540050813,380.4748836292296,3443.81755901869,52,166
2026-07-15 06:02:21,session_20260714_070036,590.9332789315256,-4.975670098212187,Settled bet: Tom Gentzsch vs Mika Petkovic (LOSS),590.9332789315256,210.458395302296,380.4748836292296,3443.81755901869,51,167
2026-07-15 06:02:21,session_20260714_070036,585.9576088333134,-4.975670098212187,Settled bet: Matyas Fuele vs Oleg Prihodko (LOSS),585.9576088333134,205.4827252040837,380.4748836292297,3443.81755901869,50,168
2026-07-15 06:37:56,session_20260715_063756_547882,585.9576088333134,0.0,Session started,585.9576088333134,205.4827252040837,380.4748836292297,3443.81755901869,50,168
2026-07-15 06:37:56,session_20260715_063756_547882,585.9576088333134,0.0,Reserved $6.50 for 1 pending bets,585.9576088333134,211.98354801268684,373.9740608206266,3450.3183818272937,51,168
2026-07-15 07:37:02,session_20260714_070036,580.9819387351013,-4.975670098212187,Settled bet: Asahi Harazaki vs Stefan Storch (LOSS),580.9819387351013,207.00787791447465,373.9740608206266,3450.3183818272937,50,169
2026-07-15 08:12:39,session_20260715_081239_620541,580.9819387351013,0.0,Session started,580.9819387351013,207.00787791447465,373.9740608206266,3450.3183818272937,50,169
2026-07-15 08:12:39,session_20260715_081239_620541,580.9819387351013,0.0,Reserved $5.58 for 1 pending bets,580.9819387351013,212.5840744302842,368.39786430481706,3455.894578343103,51,169
2026-07-15 08:42:05,session_20260714_070036,590.4357119217043,9.453773186603154,Settled bet: Lorenzo Gagliardo vs Fermin Tenti (WIN),590.4357119217043,207.60840433207204,382.82730758963226,3455.894578343103,50,170
2026-07-15 09:07:35,session_20260715_090735_925997,590.4357119217043,0.0,Session started,590.4357119217043,207.60840433207204,382.82730758963226,3455.894578343103,50,170
2026-07-15 09:07:36,session_20260715_090735_925997,590.4357119217043,0.0,Reserved $8.15 for 1 pending bets,590.4357119217043,215.7594829540328,374.6762289676715,3464.045656965064,51,170
2026-07-15 10:05:42,session_20260715_100542_845267,590.4357119217043,0.0,Session started,590.4357119217043,215.7594829540328,374.6762289676715,3464.045656965064,51,170
2026-07-15 10:05:42,session_20260715_100542_845267,590.4357119217043,0.0,Reserved $16.67 for 3 pending bets,590.4357119217043,232.42825422983853,358.00745769186574,3480.714428240869,54,170
2026-07-15 15:31:04,session_20260715_153104_440003,570.4417547209587,0.0,Session started,570.4417547209587,147.04037479014332,423.4013799308153,3480.714428240869,37,186
2026-07-15 15:31:04,session_20260715_153104_440003,570.4417547209587,0.0,Reserved $36.34 for 2 pending bets,570.4417547209587,183.3788302744681,387.06292444649057,3517.052883725194,39,186
2026-07-15 16:51:11,session_20260714_070036,565.4660846227465,-4.975670098212187,Settled bet: Federico Agustin Gomez vs Niels McDonald (LOSS),565.4660846227465,178.4031601762559,387.06292444649057,3517.052883725194,38,187
2026-07-15 21:07:40,session_20260715_210740_794999,565.4660846227464,0.0,Session started,565.4660846227464,178.4031601762559,387.06292444649046,3517.0528837251945,38,187
2026-07-15 21:07:40,session_20260715_210740_794999,565.4660846227464,0.0,Reserved $50.09 for 4 pending bets,565.4660846227464,228.492071839563,336.9740127831834,3567.141795388501,42,187
2026-07-15 22:17:11,session_20260715_031305_878897,549.0968400151875,-16.369244607559025,Settled bet: Moerani Bouzige vs Matt Hulme (LOSS),549.0968400151875,212.122827232004,336.97401278318347,3567.141795388501,41,188
2026-07-15 22:36:27,session_20260715_223627_503878,549.0968400151875,0.0,Session started,549.0968400151875,212.122827232004,336.97401278318347,3567.141795388501,41,188
2026-07-15 22:36:27,session_20260715_223627_503878,549.0968400151875,0.0,Reserved $74.32 for 5 pending bets,549.0968400151875,286.44235002446766,262.6544899907198,3641.461318180965,46,188
2026-07-16 00:46:10,session_20260716_004610_207619,549.0968400151874,0.0,Session started,549.0968400151874,286.44235002446766,262.6544899907197,3641.4613181809655,46,188
2026-07-16 00:46:10,session_20260716_004610_207619,549.0968400151874,0.0,Reserved $43.31 for 4 pending bets,549.0968400151874,329.74888728028475,219.3479527349026,3684.767855436782,50,188
2026-07-16 02:42:37,session_20260715_031305_878897,546.7710923774223,-2.3257476377651587,Settled bet: Daniel Jade vs Alexandre Aubriot (LOSS),546.7710923774223,327.42313964251963,219.34795273490263,3684.767855436782,49,189
2026-07-16 02:42:45,session_20260715_031305_878897,547.5083450519861,0.7372526745638457,Settled bet: Toufik Sahtali vs Younes Lalami Laaroussi (WIN),547.5083450519861,325.2851068862845,222.2232381657016,3684.767855436782,48,190
2026-07-16 02:42:53,session_20260715_031305_878897,541.9077462146221,-5.600598837364046,Settled bet: Carles Hernandez vs Albert Pedrico Kravtsov (LOSS),541.9077462146221,319.6845080489204,222.22323816570167,3684.767855436782,47,191
2026-07-16 03:15:23,session_20260716_031523_651075,541.9077462146221,0.0,Session started,541.9077462146221,319.6845080489204,222.22323816570167,3684.767855436782,47,191
2026-07-16 03:15:23,session_20260716_031523_651075,541.9077462146221,0.0,Reserved $33.57 for 6 pending bets,541.9077462146221,353.25389358521085,188.65385262941123,3718.3372409730728,53,191
2026-07-16 04:26:15,session_20260715_031305_878897,540.3028351872051,-1.6049110274169918,Settled bet: David Eichenseher vs Gabriele Pennaforti (LOSS),540.3028351872051,351.64898255779383,188.6538526294113,3718.3372409730728,52,192
2026-07-16 04:26:16,session_20260715_031305_878897,544.273820320802,3.970985133596881,Settled bet: Martin van der Meerschen vs Jacopo Bilardo (WIN),544.273820320802,347.08234965415744,197.19147066664453,3718.3372409730728,51,193
2026-07-16 04:26:24,session_20260715_031305_878897,541.036199781423,-3.2376205393790287,Settled bet: Pierre Delage vs Boris Butulija (LOSS),541.036199781423,343.8447291147784,197.1914706666446,3718.3372409730728,50,194
2026-07-16 04:57:49,session_20260716_045749_778993,541.036199781423,0.0,Session started,541.036199781423,343.8447291147784,197.1914706666446,3718.3372409730728,50,194
2026-07-16 04:57:49,session_20260716_045749_778993,541.036199781423,0.0,Reserved $47.69 for 8 pending bets,541.036199781423,391.5326135779114,149.5035862035116,3766.0251254362056,58,194
2026-07-16 07:12:29,session_20260716_071229_712613,541.036199781423,0.0,Session started,541.036199781423,391.5326135779114,149.5035862035116,3766.0251254362056,58,194
2026-07-16 07:12:29,session_20260716_071229_712613,541.036199781423,0.0,Reserved $7.70 for 2 pending bets,541.036199781423,399.2281091704629,141.80809061096005,3773.720621028757,60,194
2026-07-16 09:36:21,session_20260715_031305_878897,539.4600988742186,-1.5761009072043672,Settled bet: Lorenzo Joaquin Rodriguez vs Federico Juan Aguilar (LOSS),539.4600988742186,397.6520082632586,141.80809061096,3773.720621028757,59,195
2026-07-16 09:36:22,session_20260715_031305_878897,535.3003444241162,-4.159754450102365,Settled bet: Juan Carlos Prado Angelo vs Damir Dzumhur (LOSS),535.3003444241162,393.4922538131563,141.80809061095994,3773.720621028757,58,196
2026-07-16 09:36:22,session_20260715_100542_845267,530.6819499898926,-4.618394434223677,Settled bet: Julian Cundom vs Thiago Cigarran (LOSS),530.6819499898926,388.8738593789326,141.80809061096,3773.720621028757,57,197
2026-07-16 09:36:22,session_20260715_031305_878897,533.4420336675144,2.76008367762174,Settled bet: Pablo Carreno-Busta vs Camilo Ugo Carabelli (WIN),533.4420336675144,386.9023710377742,146.53966262974018,3773.720621028757,56,198
2026-07-16 10:02:11,session_20260716_100211_043421,533.4420336675144,0.0,Session started,533.4420336675144,386.9023710377742,146.53966262974018,3773.720621028757,56,198
2026-07-16 10:02:11,session_20260716_100211_043421,533.4420336675144,0.0,Reserved $23.97 for 5 pending bets,533.4420336675144,410.8721937684125,122.56983989910184,3797.690443759396,61,198
2026-07-16 12:21:42,session_20260716_122142_817088,533.4420336675144,0.0,Session started,533.4420336675144,410.8721937684125,122.56983989910184,3797.690443759396,61,198
2026-07-16 12:21:42,session_20260716_122142_817088,533.4420336675144,0.0,Reserved $5.13 for 1 pending bets,533.4420336675144,415.997438671161,117.44459499635332,3802.815688662145,62,198
2026-07-16 14:37:33,session_20260716_143733_700767,533.4420336675144,0.0,Session started,533.4420336675144,415.997438671161,117.44459499635332,3802.815688662145,62,198
2026-07-16 14:37:33,session_20260716_143733_700767,533.4420336675144,0.0,Reserved $16.91 for 1 pending bets,533.4420336675144,432.9073098062486,100.53472386126576,3819.725559797232,63,198
2026-07-16 17:07:01,session_20260716_170701_293449,533.4420336675144,0.0,Session started,533.4420336675144,432.9073098062486,100.53472386126576,3819.725559797232,63,198
2026-07-16 17:07:01,session_20260716_170701_293449,533.4420336675144,0.0,Reserved $12.64 for 1 pending bets,533.4420336675144,445.5458491987471,87.89618446876727,3832.36409918973,64,198
2026-07-16 20:34:15,session_20260716_203415_052875,533.4420336675144,0.0,Session started,533.4420336675144,445.5458491987471,87.89618446876727,3832.36409918973,64,198
2026-07-16 20:34:15,session_20260716_203415_052875,533.4420336675144,0.0,Reserved $8.33 for 1 pending bets,533.4420336675144,453.8755666543863,79.56646701312809,3840.693816645369,65,198
2026-07-16 21:21:57,session_20260715_081239_620541,527.8658371517048,-5.57619651580955,Settled bet: Aaron Funk vs Nikolai Barsukov (LOSS),527.8658371517048,448.2993701385767,79.56646701312809,3840.693816645369,64,199
2026-07-16 21:25:03,session_20260715_031305_878897,526.8054387356867,-1.0603984160180813,Settled bet: Tomasz Berkieta vs Vito Tonejc (LOSS),526.8054387356867,447.2389717225585,79.5664670131282,3840.693816645369,63,200
2026-07-16 21:25:13,session_20260715_090735_925997,518.6543601137259,-8.151078621960787,Settled bet: Stevan Popovic vs Radovan Michalik (LOSS),518.6543601137259,439.08789310059774,79.5664670131282,3840.693816645369,62,201
2026-07-16 22:48:39,session_20260716_224839_024884,518.6543601137259,0.0,Session started,518.6543601137259,439.08789310059774,79.5664670131282,3840.6938166453697,62,201
2026-07-16 22:48:39,session_20260716_224839_024884,518.6543601137259,0.0,Reserved $47.88 for 9 pending bets,518.6543601137259,486.9712286647744,31.683131448951546,3888.577152209546,71,201
2026-07-17 00:45:39,session_20260717_004539_688358,518.6543601137259,0.0,Session started,518.6543601137259,486.9712286647744,31.683131448951546,3888.577152209546,71,201
2026-07-17 00:45:39,session_20260717_004539_688358,518.6543601137259,0.0,Reserved $6.26 for 3 pending bets,518.6543601137259,493.23144491796575,25.4229151957602,3894.837368462737,74,201
2026-07-17 03:44:56,session_20260715_031305_878897,522.044135695702,3.389775581976102,Settled bet: Nico Hipfl vs Vladyslav Orlov (WIN),522.044135695702,488.65524788229806,33.38888781340398,3894.837368462737,73,202
2026-07-17 03:44:57,session_20260715_031305_878897,520.0477352385536,-1.9964004571483704,Settled bet: Tom Gentzsch vs Pieter de Lange (LOSS),520.0477352385536,486.6588474251497,33.38888781340398,3894.837368462737,72,203
2026-07-17 03:45:09,session_20260716_045749_778993,512.1799549868124,-7.867780251741245,Settled bet: Oleksandr Ovcharenko vs Stefan Ilie Bogdan Petre (LOSS),512.1799549868124,478.7910671734084,33.38888781340404,3894.837368462737,71,204
2026-07-17 03:45:19,session_20260716_004610_207619,494.4411374898032,-17.738817497009215,Settled bet: Filip Peliwo vs Zsombor Velcz (LOSS),494.4411374898032,461.05224967639913,33.38888781340404,3894.837368462737,70,205
2026-07-17 03:45:29,session_20260716_004610_207619,486.2036607640239,-8.237476725779334,Settled bet: Arthur Bonnaud vs Viktor Durasovic (LOSS),486.2036607640239,452.8147729506198,33.3888878134041,3894.837368462737,69,206
2026-07-17 03:45:29,session_20260716_031523_651075,478.22227846525743,-7.981382298766456,Settled bet: Edouard Villoslada vs Dragos Nicolae Cazacu (LOSS),478.22227846525743,444.8333906518534,33.38888781340404,3894.837368462737,68,207
2026-07-17 03:45:29,session_20260716_045749_778993,473.1311877917167,-5.091090673540592,Settled bet: Vladislav Melnic vs Uladzimir Ignatik (LOSS),473.1311877917167,439.7422999783128,33.38888781340387,3894.837368462737,67,208
2026-07-17 03:45:30,session_20260715_210740_794999,481.62846737921416,8.497279587497495,Settled bet: Juan Manuel Cerundolo vs Miomir Kecmanovic (WIN),481.62846737921416,429.5455644733158,52.08290290589838,3894.837368462737,66,209
2026-07-17 03:45:40,session_20260716_045749_778993,473.7606871274729,-7.867780251741245,Settled bet: Manel Lazaro Juncadella vs Tiago Cacao (LOSS),473.7606871274729,421.67778422157454,52.08290290589838,3894.837368462737,65,210
2026-07-17 03:45:40,session_20260716_031523_651075,466.4155821603324,-7.345104967140459,Settled bet: Orel Kimhi vs Preston Brown (LOSS),466.4155821603324,414.3326792544341,52.08290290589832,3894.837368462737,64,211
2026-07-17 03:45:40,session_20260716_045749_778993,458.5478019085912,-7.867780251741245,Settled bet: Andrej Martin vs Oskari Paldanius (LOSS),458.5478019085912,406.4648990026928,52.08290290589838,3894.837368462737,63,212
2026-07-17 03:45:40,session_20260716_004610_207619,452.7700652729394,-5.7777366356518245,Settled bet: Florent Bax vs Maxence Rivet (LOSS),452.7700652729394,400.68716236704097,52.08290290589844,3894.837368462737,62,213
2026-07-17 04:08:43,session_20260717_040843_520114,452.7700652729394,0.0,Session started,452.7700652729394,400.68716236704097,52.08290290589844,3894.837368462737,62,213
2026-07-17 04:08:43,session_20260717_040843_520114,452.7700652729394,0.0,Reserved $18.25 for 8 pending bets,452.7700652729394,418.9370095885628,33.83305568437663,3913.087215684259,70,213
2026-07-17 06:34:38,session_20260715_031305_878897,448.1364485470725,-4.633616725866903,Settled bet: Stefano Napolitano vs Alex Barrena (LOSS),448.1364485470725,414.30339286269583,33.83305568437669,3913.087215684259,69,214
2026-07-17 06:35:32,session_20260716_004610_207619,436.58394214969576,-11.552506397376726,Settled bet: Guy den Ouden vs Hynek Barton (LOSS),436.58394214969576,402.7508864653191,33.83305568437663,3913.087215684259,68,215
2026-07-17 06:35:32,session_20260716_031523_651075,428.0715345675584,-8.512407582137369,Settled bet: Jan Kumstat vs Florian Broska (LOSS),428.0715345675584,394.23847888318176,33.83305568437663,3913.087215684259,67,216
2026-07-17 06:56:31,session_20260717_065631_941741,428.0715345675584,0.0,Session started,428.0715345675584,394.23847888318176,33.83305568437663,3913.087215684259,67,216
2026-07-17 06:56:32,session_20260717_065631_941741,428.0715345675584,0.0,Reserved $6.15 for 4 pending bets,428.0715345675584,400.388655742692,27.68287882486635,3919.2373925437696,71,216
2026-07-17 07:09:29,session_20260715_210740_794999,412.4137040583387,-15.657830509219677,Settled bet: Jaime Faria vs Casper Ruud (LOSS),412.4137040583387,384.7308252334724,27.682878824866293,3919.2373925437696,70,217
2026-07-17 07:34:16,session_20260717_073416_687755,412.4137040583387,0.0,Session started,412.4137040583387,384.7308252334724,27.682878824866293,3919.2373925437696,70,217
2026-07-17 07:34:16,session_20260717_073416_687755,412.4137040583387,0.0,Reserved $1.17 for 1 pending bets,412.4137040583387,385.8989224661353,26.51478159220335,3920.405489776432,71,217
2026-07-17 08:12:17,session_20260716_031523_651075,416.3882539978605,3.974549939521801,Settled bet: Pietro Marino vs Gabriele Pennaforti (WIN),416.3882539978605,383.9601176175881,32.428136380272406,3920.405489776432,70,218
2026-07-17 08:12:17,session_20260716_031523_651075,416.3882539978605,3.974549939521801,Settled bet: Pietro Marino vs Gabriele Pennaforti (WIN),416.3882539978605,383.9601176175881,32.428136380272406,3920.405489776432,70,218
2026-07-17 08:36:52,session_20260717_083652_086557,416.3882539978605,0.0,Session started,416.3882539978605,383.9601176175881,32.428136380272406,3920.405489776432,70,218
2026-07-17 08:36:52,session_20260717_083652_086557,416.3882539978605,0.0,Reserved $1.50 for 1 pending bets,416.3882539978605,385.45918880369135,30.92906519416914,3921.904560962536,71,218
2026-07-17 09:26:36,session_20260716_100211_043421,408.29019375540406,-8.098060242456466,Settled bet: Murkel Dellien vs Enzo Lima (LOSS),408.29019375540406,377.36112856123486,30.9290651941692,3921.904560962536,70,219
2026-07-17 09:54:32,session_20260717_095432_646099,408.29019375540406,0.0,Session started,408.29019375540406,377.36112856123486,30.9290651941692,3921.904560962536,70,219
2026-07-17 09:54:32,session_20260717_095432_646099,408.29019375540406,0.0,Reserved $4.92 for 2 pending bets,408.29019375540406,382.2775105747437,26.01268318066036,3926.820942976045,72,219
2026-07-17 12:15:49,session_20260717_121549_757400,408.29019375540406,0.0,Session started,408.29019375540406,382.2775105747437,26.01268318066036,3926.820942976045,72,219
2026-07-17 12:15:49,session_20260717_121549_757400,408.29019375540406,0.0,Reserved $4.22 for 3 pending bets,408.29019375540406,386.4980782677343,21.792115487669776,3931.0415106690352,75,219
2026-07-17 14:08:34,session_20260716_045749_778993,402.30116714248754,-5.989026612916525,Settled bet: Marcello Serafini vs Pierluigi Basile (LOSS),402.30116714248754,380.50905165481777,21.792115487669776,3931.0415106690352,74,220
2026-07-17 14:24:55,session_20260717_142455_316114,402.30116714248754,0.0,Session started,402.30116714248754,380.50905165481777,21.792115487669776,3931.0415106690352,74,220
2026-07-17 14:24:55,session_20260717_142455_316114,402.30116714248754,0.0,Reserved $6.75 for 4 pending bets,402.30116714248754,387.2557100134301,15.045457129057468,3937.788169027647,78,220
2026-07-17 15:48:50,session_20260715_031305_878897,397.0041838818755,-5.296983260612073,Settled bet: Andrey Chepelev vs Mario Arce Fernandez (LOSS),397.0041838818755,381.958726752818,15.045457129057525,3937.788169027647,77,221
2026-07-17 17:39:16,session_20260715_031305_878897,395.7715632242949,-1.2326206575805536,Settled bet: Nuno Borges vs Grigor Dimitrov (LOSS),395.7715632242949,380.72610609523736,15.04545712905758,3937.788169027647,76,222
2026-07-17 18:04:35,session_20260717_180435_362494,395.7715632242949,0.0,Session started,395.7715632242949,380.72610609523736,15.04545712905758,3937.788169027647,76,222
2026-07-17 18:04:35,session_20260717_180435_362494,395.7715632242949,0.0,Reserved $5.04 for 2 pending bets,395.7715632242949,385.7640146808255,10.007548543469454,3942.826077613236,78,222
2026-07-17 19:52:25,session_20260717_195225_785808,395.7715632242949,0.0,Session started,395.7715632242949,385.7640146808255,10.007548543469454,3942.826077613236,78,222
2026-07-17 19:52:25,session_20260717_195225_785808,395.7715632242949,0.0,Reserved $3.33 for 1 pending bets,395.7715632242949,389.0927301050113,6.678833119283638,3946.154793037421,79,222
2026-07-17 22:15:06,session_20260716_031523_651075,402.6449516671404,6.8733884428454886,Settled bet: Fermin Tenti vs Santiago de La Fuente (WIN),402.6449516671404,384.0013312584591,18.643620408681272,3946.154793037421,78,223
2026-07-17 22:32:53,session_20260717_223253_430312,402.6449516671404,0.0,Session started,402.6449516671404,384.0013312584591,18.643620408681272,3946.154793037421,78,223
2026-07-17 22:32:53,session_20260717_223253_430312,402.6449516671404,0.0,Reserved $13.14 for 6 pending bets,402.6449516671404,397.13922557591167,5.505726091228723,3959.292687354873,84,223
2026-07-17 23:28:04,session_20260717_232804_505874,402.6449516671404,0.0,Session started,402.6449516671404,397.13922557591167,5.505726091228723,3959.292687354873,84,223
2026-07-17 23:28:04,session_20260717_232804_505874,402.6449516671404,0.0,Reserved $1.18 for 1 pending bets,402.6449516671404,398.3176312256224,4.3273204415179976,3960.471093004584,85,223
2026-07-18 03:30:44,session_20260715_031305_878897,401.1502454149584,-1.494706252181917,Settled bet: Louis Wessels vs Kimmer Coppejans (LOSS),401.1502454149584,396.8229249734405,4.327320441517827,3960.471093004584,84,224
2026-07-18 03:31:39,session_20260716_100211_043421,392.40328348870776,-8.74696192625065,Settled bet: Dominik Palan vs Izan Almazan Valiente (LOSS),392.40328348870776,388.0759630471899,4.327320441517884,3960.471093004584,83,225
2026-07-18 03:32:00,session_20260716_224839_024884,390.4132807656076,-1.9900027231000643,Settled bet: Oleksandr Ovcharenko vs Dragos Nicolae Cazacu (LOSS),390.4132807656076,386.08596032408985,4.32732044151777,3960.471093004584,82,226
2026-07-18 03:32:11,session_20260716_224839_024884,386.48585137603504,-3.927429389572621,Settled bet: Oskari Paldanius vs Theo Papamalamis (LOSS),386.48585137603504,382.1585309345172,4.327320441517827,3960.471093004584,81,227
2026-07-18 03:32:11,session_20260717_065631_941741,384.8665084775031,-1.6193428985319598,Settled bet: Ilya Snitari vs Mihai Razvan Marinescu (LOSS),384.8665084775031,380.5391880359853,4.32732044151777,3960.471093004584,80,228
2026-07-18 03:32:11,session_20260716_224839_024884,382.61292955714623,-2.253578920356827,Settled bet: Radu David Turcanu vs Cezar Gabriel Papoe (LOSS),382.61292955714623,378.2856091156284,4.327320441517884,3960.471093004584,79,229
2026-07-18 03:33:09,session_20260716_224839_024884,378.9241754290583,-3.688754128087969,Settled bet: Pierre Delage vs Timofei Derepasko (LOSS),378.9241754290583,374.5968549875405,4.327320441517884,3960.471093004584,78,230
2026-07-18 03:33:19,session_20260716_224839_024884,375.22319733174777,-3.700978097310565,Settled bet: Maxwell McKennon vs Pavlos Tsitsipas (LOSS),375.22319733174777,370.8958768902298,4.327320441517941,3960.471093004584,77,231
2026-07-18 04:05:18,session_20260716_224839_024884,373.069549136568,-2.153648195179773,Settled bet: Wishaya Trongcharoenchaikul vs Jangjun Kim (LOSS),373.069549136568,368.7422286950501,4.327320441517884,3960.471093004584,76,232
2026-07-18 09:08:10,session_20260717_040843_520114,386.0702450133626,13.00069587679473,Settled bet: Murkel Dellien vs Thiago Cigarran (WIN),386.0702450133626,364.01470292167016,22.05554209169248,3960.471093004584,75,233
2026-07-18 09:26:48,session_20260718_092648_363800,386.0702450133626,0.0,Session started,386.0702450133626,364.01470292167016,22.05554209169248,3960.471093004584,75,233
2026-07-18 09:26:48,session_20260718_092648_363800,386.0702450133626,0.0,Reserved $15.64 for 6 pending bets,386.0702450133626,379.6539130264256,6.4163319869370525,3976.110303109339,81,233
2026-07-18 10:51:26,session_20260717_142455_316114,386.8991946711851,0.8289496578224017,Settled bet: Reda Bennani vs Anas Mazdrashki (WIN),386.8991946711851,377.3328539845229,9.566340686662272,3976.1103031093394,80,234
2026-07-18 10:51:26,session_20260717_065631_941741,385.5276880579952,-1.3715066131899638,Settled bet: Sergi Perez Contri vs Pablo Martinez Gomez (LOSS),385.5276880579952,375.96134737133286,9.566340686662327,3976.1103031093394,79,235
2026-07-18 12:14:30,session_20260717_065631_941741,386.40910737039553,0.8814193124003236,Settled bet: Sergi Fita Juan vs Eric Vanshelboim (WIN),386.40910737039553,373.97815391843216,12.430953451963376,3976.110303109339,78,236
2026-07-18 12:14:38,session_20260717_142455_316114,384.2543973387127,-2.154710031682783,Settled bet: Alexander Bernard vs Michael Antonius (LOSS),384.2543973387127,371.8234438867493,12.430953451963376,3976.110303109339,77,237
2026-07-18 13:58:21,session_20260717_095432_646099,382.3887728771334,-1.8656244615793087,Settled bet: Daniele Rapagnetta vs Maximilian Homberg (LOSS),382.3887728771334,369.9578194251701,12.43095345196332,3976.110303109339,76,238
2026-07-18 16:43:10,session_20260718_164310_401169,382.3887728771333,0.0,Session started,382.3887728771333,369.9578194251701,12.430953451963203,3976.1103031093394,76,238
2026-07-18 16:43:10,session_20260718_164310_401169,382.3887728771333,0.0,Reserved $1.34 for 1 pending bets,382.3887728771333,371.2934680212911,11.095304855842244,3977.44595170546,77,238
2026-07-18 22:17:15,session_20260717_040843_520114,380.9546847259678,-1.434088151165506,Settled bet: Geoffrey Blancaneaux vs Yanis Ghazouani Durand (LOSS),380.9546847259678,369.8593798701255,11.0953048558423,3977.44595170546,76,239
2026-07-18 22:17:15,session_20260717_040843_520114,378.9542960549516,-2.0003886710163448,Settled bet: Luca Wiedenmann vs Sean Cuenin (LOSS),378.9542960549516,367.85899119910914,11.095304855842414,3977.44595170546,75,240
2026-07-18 22:18:03,session_20260717_040843_520114,380.0482504268864,1.0939543719348817,Settled bet: Florent Bax vs Alexander Weis (WIN),380.0482504268864,366.8171298925045,13.231120534381889,3977.44595170546,74,241
2026-07-18 22:18:27,session_20260717_040843_520114,377.09366920229695,-2.954581224589476,Settled bet: Lorenzo Joaquin Rodriguez vs Fermin Tenti (LOSS),377.09366920229695,363.8625486679151,13.231120534381889,3977.44595170546,73,242
2026-07-18 23:16:22,session_20260717_142455_316114,378.5266394857117,1.4329702834147022,Settled bet: Tristan McCormick vs Benjamin Willwerth (WIN),378.5266394857117,362.80108919871896,15.725550286992757,3977.44595170546,72,243
2026-07-18 23:50:23,session_20260718_235023_864571,378.5266394857117,0.0,Session started,378.5266394857117,362.80108919871896,15.725550286992757,3977.44595170546,72,243
2026-07-18 23:50:23,session_20260718_235023_864571,378.5266394857117,0.0,Reserved $15.73 for 5 pending bets,378.5266394857117,378.5266394857117,0.0,3993.1715019924536,77,243
2026-07-19 01:45:07,session_20260717_223253_430312,380.6896699157088,2.163030429997047,Settled bet: Radu David Turcanu vs Ilya Snitari (WIN),380.6896699157088,376.72411412738086,3.965555788327947,3993.1715019924536,76,244
2026-07-19 04:04:14,session_20260717_232804_505874,381.0824717989457,0.3928018832369101,Settled bet: Oskari Paldanius vs Max Wiskandt (WIN),381.0824717989457,375.5457084776701,5.5367633212756,3993.1715019924536,75,245
2026-07-19 04:43:56,session_20260719_044356_690468,381.0824717989457,0.0,Session started,381.0824717989457,375.5457084776701,5.5367633212756,3993.1715019924536,75,245
2026-07-19 04:43:56,session_20260719_044356_690468,381.0824717989457,0.0,Reserved $1.07 for 1 pending bets,381.0824717989457,376.6181954739104,4.464276325035314,3994.2439889886937,76,245
2026-07-19 06:52:22,session_20260717_142455_316114,379.8730419831149,-1.2094298158307164,Settled bet: Joaquin Aguilar Cardozo vs Juan Estevez (LOSS),379.8730419831149,375.4087656580797,4.464276325035257,3994.2439889886937,75,246
2026-07-19 06:52:30,session_20260718_092648_363800,377.4753794616654,-2.397662521449522,Settled bet: Tiago Cacao vs Goncalo Marques (LOSS),377.4753794616654,373.0111031366302,4.4642763250352,3994.2439889886937,74,247
2026-07-19 12:15:57,session_20260718_092648_363800,374.808338297642,-2.667041164023428,Settled bet: Maximo Zeitune vs Joaquin Aguilar Cardozo (LOSS),374.808338297642,370.3440619726067,4.464276325035257,3994.2439889886937,73,248
2026-07-19 12:16:06,session_20260718_092648_363800,380.649469587471,5.841131289828979,Settled bet: Eric Vanshelboim vs Pablo Martinez Gomez (WIN),380.649469587471,366.9081023903544,13.741367197116633,3994.2439889886937,72,249
2026-07-19 12:54:16,session_20260719_125416_268985,380.649469587471,0.0,Session started,380.649469587471,366.9081023903544,13.741367197116633,3994.2439889886937,72,249
2026-07-19 12:54:16,session_20260719_125416_268985,380.649469587471,0.0,Reserved $9.92 for 4 pending bets,380.649469587471,376.8262173516823,3.8232522357886864,4004.162103950022,76,249
2026-07-19 16:22:53,session_20260717_065631_941741,379.4733356925833,-1.1761338948876374,Settled bet: Zsombor Velcz vs Charlie Robertson (LOSS),379.4733356925833,375.65008345679473,3.8232522357885728,4004.162103950021,75,250
2026-07-19 17:21:42,session_20260717_004539_688358,376.7549757341835,-2.7183599583997538,Settled bet: Asahi Harazaki vs Yuquan Jin (LOSS),376.7549757341835,372.9317234983949,3.8232522357885728,4004.162103950022,74,251
2026-07-19 18:49:42,session_20260719_184942_775942,376.7549757341836,0.0,Session started,376.7549757341836,372.9317234983949,3.8232522357886864,4004.162103950021,74,251
2026-07-19 18:49:42,session_20260719_184942_775942,376.7549757341836,0.0,Reserved $3.00 for 2 pending bets,376.7549757341836,375.93016534744834,0.8248103867352938,4007.1605457990754,76,251
2026-07-20 04:15:07,session_20260718_235023_864571,372.73492368660095,-4.0200520475826025,Settled bet: Alexander Weis vs Sean Cuenin (LOSS),372.73492368660095,371.91011329986577,0.8248103867351801,4007.1605457990754,75,252
2026-07-20 07:38:52,session_20260718_092648_363800,370.6249452145348,-2.109978472066097,Settled bet: Ilyas Fahim vs Michael Antonius (LOSS),370.6249452145348,369.8001348277997,0.8248103867351801,4007.1605457990754,74,253
2026-07-20 07:39:53,session_20260718_235023_864571,377.1112639845632,6.4863187700282445,Settled bet: Oleksii Krutykh vs Adrian Oetzbach (WIN),377.1112639845632,367.6380285711235,9.473235413439625,4007.1605457990754,73,254
2026-07-20 07:40:02,session_20260719_125416_268985,374.4908449512288,-2.6204190333343345,Settled bet: Lorenzo Joaquin Rodriguez vs Joaquin Aguilar Cardozo (LOSS),374.4908449512288,365.0176095377892,9.473235413439625,4007.1605457990754,72,255
2026-07-20 10:41:00,session_20260716_224839_024884,372.8365051095409,-1.6543398416877992,Settled bet: Luca Castagnola vs Melios Efstathiou (LOSS),372.8365051095409,363.3632696961015,9.473235413439395,4007.1605457990754,71,256
2026-07-20 10:41:47,session_20260719_125416_268985,379.3152012506772,6.478696141136308,Settled bet: Eric Vanshelboim vs Javier Barranco Cosano (WIN),379.3152012506772,359.9534296218192,19.36177162885798,4007.1605457990754,70,257
2026-07-20 11:17:16,session_20260720_111716_256117,379.3152012506772,0.0,Session started,379.3152012506772,359.9534296218192,19.36177162885798,4007.1605457990754,70,257
2026-07-20 11:17:16,session_20260720_111716_256117,379.3152012506772,0.0,Reserved $16.40 for 8 pending bets,379.3152012506772,376.3498135740887,2.965387676588477,4023.556929751345,78,257
2026-07-20 21:03:06,session_20260720_210306_647437,379.3152012506772,0.0,Session started,379.3152012506772,376.3498135740887,2.965387676588477,4023.556929751344,78,257
2026-07-20 21:03:06,session_20260720_210306_647437,379.3152012506772,0.0,Reserved $1.53 for 1 pending bets,379.3152012506772,377.8761148185138,1.4390864321633785,4025.0832309957696,79,257
2026-07-21 03:55:42,session_20260715_210740_794999,395.1198931212582,15.804691870580962,Settled bet: Jesper de Jong vs Sebastian Baez (WIN),395.1198931212582,362.8240273227224,32.29586579853577,4025.0832309957696,78,258
2026-07-21 03:56:36,session_20260719_044356_690468,394.0474061250179,-1.07248699624026,Settled bet: Federico Cina vs Lorenzo Giustino (LOSS),394.0474061250179,361.7515403264821,32.29586579853577,4025.0832309957696,77,259
2026-07-21 03:56:37,session_20260719_125416_268985,392.36464479074334,-1.6827613342745342,Settled bet: Kilian Feldbausch vs Sandro Kopp (LOSS),392.36464479074334,360.0687789922076,32.29586579853577,4025.0832309957696,76,260
2026-07-21 03:56:37,session_20260719_184942_775942,390.6649473138957,-1.6996974768476625,Settled bet: Alexandre Muller vs Mariano Navone (LOSS),390.6649473138957,358.36908151536,32.295865798535715,4025.0832309957696,75,261
2026-07-21 04:22:29,session_20260721_042229_840486,390.6649473138957,0.0,Session started,390.6649473138957,358.36908151536,32.295865798535715,4025.0832309957696,75,261
2026-07-21 04:22:29,session_20260721_042229_840486,390.6649473138957,0.0,Reserved $23.26 for 14 pending bets,390.6649473138957,381.6300413471735,9.034905966722247,4048.344190827583,89,261
2026-07-21 06:50:06,session_20260715_031305_878897,393.4722380940582,2.807290780162404,Settled bet: Botic van de Zandschulp vs Adolfo Daniel Vallejo (WIN),393.4722380940582,378.5420214889949,14.930216605063263,4048.344190827583,88,262
2026-07-21 06:50:07,session_20260715_031305_878897,389.55308657579576,-3.919151518262317,Settled bet: Flavio Cobolli vs Roman Andres Burruchaga (LOSS),389.55308657579576,374.6228699707325,14.930216605063263,4048.344190827583,87,263
2026-07-21 06:50:08,session_20260715_210740_794999,380.3708284224968,-9.182258153299026,Settled bet: Alejandro Tabilo vs Lautaro Midon (LOSS),380.3708284224968,365.4406118174334,14.930216605063322,4048.344190827583,86,264
2026-07-21 06:51:00,session_20260716_203415_052875,383.7027154047525,3.331886982255684,Settled bet: Adolfo Daniel Vallejo vs Stefano Travaglia (WIN),383.7027154047525,357.1108943617943,26.591821042958145,4048.344190827583,85,265
2026-07-21 06:51:00,session_20260715_223627_503878,393.6938851701877,9.991169765435258,Settled bet: Nuno Borges vs Luciano Darderi (WIN),393.6938851701877,345.12149064327195,48.57239452691579,4048.344190827583,84,266
2026-07-21 06:51:29,session_20260718_235023_864571,399.8722439794702,6.178358809282497,Settled bet: Max Wiskandt vs Vladyslav Orlov (WIN),399.8722439794702,341.26001638747044,58.61222759199978,4048.344190827583,83,267
2026-07-21 06:51:30,session_20260719_184942_775942,398.57349960726447,-1.2987443722056926,Settled bet: Lukas Neumayer vs Yannick Hanfmann (LOSS),398.57349960726447,339.96127201526474,58.612227591999726,4048.344190827583,82,268
2026-07-21 07:24:26,session_20260721_072426_778157,398.57349960726447,0.0,Session started,398.57349960726447,339.96127201526474,58.612227591999726,4048.344190827583,82,268
2026-07-21 07:24:26,session_20260721_072426_778157,398.57349960726447,0.0,Reserved $18.73 for 11 pending bets,398.57349960726447,358.69484213699576,39.878657470268706,4067.077760949314,93,268
