odds_snapshot_uid,logged_at,run_id,match_uid,match_date,tournament,surface,level,round,p1,p2,odds_scraped_at,match_start_time,market_p1_prob,market_p2_prob,p1_odds_american,p2_odds_american,p1_odds_decimal,p2_odds_decimal,spread_handicap,spread_odds_p1,spread_odds_p2,total_games,total_odds_over,total_odds_under
odds_b2192a15257d3237d013,2026-07-08T03:58:14.354598,run_20260708T034903Z,match_4a28eddfe82ae0d4dae3,2026-07-08,Men's Singles,Grass,G,QF,Taylor Fritz,Alexander Zverev,2026-07-08 03:54:33,7/8/26 1:30 PM,0.5,0.5,-110.0,-110,1.9090909090909087,1.9090909090909087,-0.5,(-110),(-120),44.0,(-115),(-115)
odds_c6db475df0ac5cf5a588,2026-07-08T03:58:16.554035,run_20260708T034903Z,match_31841590ac8cd848beb2,2026-07-08,Men's Singles,Grass,G,QF,Flavio Cobolli,Arthur Fery,2026-07-08 03:54:34,7/8/26 2:00 PM,0.7064,0.2936,-285.0,225,1.350877192982456,3.25,-4.5,(-125),(-105),39.5,(-105),(-125)
odds_692dcc788f8bc975f0b9,2026-07-08T03:58:18.747459,run_20260708T034903Z,match_3458169fde10bbcb35ba,2026-07-10,Men's Singles,Grass,G,SF,Jannik Sinner,Novak Djokovic,2026-07-08 03:54:34,7/10/26 12:30 PM,0.7864,0.2136,-450.0,350,1.2222222222222223,4.5,-5.0,(-120),(-110),38.5,(-110),(-120)
odds_368122b618441c296043,2026-07-08T03:58:20.950998,run_20260708T034903Z,match_e6b00ddfef2f84d3d012,2026-07-08,Iasi,Hard,C,R16,Taro Daniel,Zdenek Kolar,2026-07-08 03:54:47,7/8/26 7:00 AM,0.5721,0.4279,-155.0,120,1.6451612903225803,2.2,-2.5,(-110),(-120),21.5,(-120),(-110)
odds_662a6f82089e64fa2287,2026-07-08T03:58:23.135323,run_20260708T034903Z,match_4977a27212010e80fa35,2026-07-08,Iasi,Hard,C,R16,Ilia Simakin,Lautaro Midon,2026-07-08 03:54:48,7/8/26 10:30 AM,0.3232,0.6768,190.0,-260,2.9,1.3846153846153846,4.0,(-130),(EVEN),21.5,(-115),(-115)
odds_7c2e66774162d9088043,2026-07-08T03:58:25.338647,run_20260708T034903Z,match_42d5fe45cad083ca5ebe,2026-07-08,Iasi,Hard,C,R16,Pedro Martinez,Maks Kasnikowski,2026-07-08 03:54:48,7/8/26 11:40 AM,0.4459,0.5541,110.0,-145,2.1,1.6896551724137931,1.5,(-115),(-115),22.0,(-115),(-115)
odds_22a5db065dff1acb38de,2026-07-08T03:58:27.546932,run_20260708T034903Z,match_e27526f582a0e19ff6a1,2026-07-08,Iasi,Hard,C,R16,Jerome Kym,Sascha Gueymard Wayenburg,2026-07-08 03:54:49,7/8/26 12:00 PM,0.6768,0.3232,-260.0,190,1.3846153846153846,2.9,-3.0,(-125),(-105),22.5,(-110),(-120)
odds_3da43fa48a433cf2ef00,2026-07-08T03:58:29.752107,run_20260708T034903Z,match_62ce3f1eb127bb40aa67,2026-07-08,Iasi,Hard,C,R16,Zsombor Piros,Damir Dzumhur,2026-07-08 03:54:49,7/8/26 3:00 PM,0.5835,0.4165,-165.0,125,1.606060606060606,2.25,-2.5,(-115),(-115),22.0,(-115),(-115)
odds_8de817a8d23efc6d021d,2026-07-08T03:58:31.984765,run_20260708T034903Z,match_0f703a70b986a7f810e1,2026-07-08,Braunschweig,Hard,C,,Diego Dedura,Dalibor Svrcina,2026-07-08 03:55:02,7/8/26 9:00 AM,0.3621,0.6379,160.0,-210,2.6,1.4761904761904765,3.5,(-120),(-110),21.5,(-110),(-120)
odds_807da42261628d1cccf2,2026-07-08T03:58:34.213991,run_20260708T034903Z,match_bd7a41fc83a60907f46c,2026-07-08,Braunschweig,Hard,C,R16,Max Schoenhaus,Laslo Djere,2026-07-08 03:55:02,7/8/26 10:10 AM,0.3429,0.6571,175.0,-230,2.75,1.434782608695652,3.5,(-120),(-110),22.0,(-120),(-110)
odds_e958e6c4310bee3dab38,2026-07-08T03:58:36.415810,run_20260708T034903Z,match_59bee8e9dc9d0b4e44a4,2026-07-08,Braunschweig,Hard,C,R16,Daniel Rincon,Sebastian Ofner,2026-07-08 03:55:03,7/8/26 11:20 AM,0.2566,0.7434,265.0,-385,3.65,1.2597402597402598,4.0,(-115),(-115),21.5,(-115),(-115)
odds_238381b6656d92662071,2026-07-08T03:58:38.615429,run_20260708T034903Z,match_d2d5ee9cbf1829d01935,2026-07-08,Braunschweig,Hard,C,R16,Jan Choinski,Max Hans Rehberg,2026-07-08 03:55:04,7/8/26 2:30 PM,0.5915,0.4085,-170.0,130,1.5882352941176472,2.3,-2.0,(-120),(-110),22.5,(-115),(-115)
odds_c49f5ba24e4e97009400,2026-07-08T03:58:40.839960,run_20260708T034903Z,match_d85f249859531b800fe0,2026-07-08,Liege,Hard,C,R16,Emilien Demanet,Lorenzo Giustino,2026-07-08 03:55:06,7/8/26 9:00 AM,0.336,0.664,180.0,-240,2.8,1.4166666666666667,3.5,(-125),(-105),22.0,(-110),(-120)
odds_d8cd1dcd47d8c4f0e384,2026-07-08T03:58:43.049757,run_20260708T034903Z,match_ac4e22ba83db0c891842,2026-07-08,Liege,Hard,C,R16,Luca Staeheli,Jack Loge,2026-07-08 03:55:06,7/8/26 10:10 AM,0.5306,0.4694,-130.0,EVEN,1.7692307692307692,2.0,-1.0,(-115),(-115),21.5,(-120),(-110)
odds_80b848740195f8f6892d,2026-07-08T03:58:45.243315,run_20260708T034903Z,match_a5899f01cb536e798246,2026-07-08,Liege,Hard,C,,Sandro Kopp,Manas Manoj Dhamne,2026-07-08 03:55:07,7/8/26 11:20 AM,0.664,0.336,-240.0,+180,1.4166666666666667,2.8,-3.5,(-125),(-105),21.0,(-115),(-115)
odds_b6db776b2f3d452e98ab,2026-07-08T03:58:47.444204,run_20260708T034903Z,match_c315bf08c04d9bbd42c0,2026-07-08,Liege,Hard,C,R16,Miguel Damas,Gilles Arnaud Bailly,2026-07-08 03:55:07,7/8/26 3:00 PM,0.4279,0.5721,120.0,-155,2.2,1.6451612903225803,2.0,(-110),(-120),21.5,(-115),(-115)
odds_f32e66dff27c01dd846b,2026-07-08T03:58:49.640214,run_20260708T034903Z,match_74cde945f3841face486,2026-07-08,Nottingham,Hard,C,R16,Clement Chidekh,Alberto Barroso Campos,2026-07-08 03:55:37,7/8/26 10:00 AM,0.8212,0.1788,-700.0,+425,1.1428571428571428,5.25,-5.0,(-115),(-115),20.0,(-125),(-105)
odds_3750d4c5ff7b776c9222,2026-07-08T03:58:51.840814,run_20260708T034903Z,match_629f579c25cd657a6e7b,2026-07-08,Nottingham,Hard,C,R16,Yi Zhou,Daniel de Jonge,2026-07-08 03:55:38,7/8/26 10:00 AM,0.8028,0.1972,-600.0,+375,1.1666666666666667,4.75,-4.5,(-110),(-120),22.0,(-105),(-125)
odds_2c57bfd6a4a397bf206b,2026-07-08T03:58:54.043537,run_20260708T034903Z,match_071ba2eb8a7658de4b80,2026-07-08,Nottingham,Hard,C,R16,Ivan Ivanov,Lui Maxted,2026-07-08 03:55:39,7/8/26 11:00 AM,0.4899,0.5101,-110.0,-120,1.9090909090909087,1.8333333333333333,0.5,(-120),(-110),22.0,(-115),(-115)
odds_98b498d98b8f5f634e17,2026-07-08T03:58:56.244502,run_20260708T034903Z,match_cf19687d0ff4e485a294,2026-07-08,Nottingham,Hard,C,R16,Patrick Brady,Alastair Gray,2026-07-08 03:55:40,7/8/26 12:10 PM,0.3232,0.6768,190.0,-260,2.9,1.3846153846153846,3.5,(-120),(-110),22.0,(-125),(-105)
odds_32b4c75a698b9764de74,2026-07-08T03:58:58.440035,run_20260708T034903Z,match_116ea782de1da461c4f2,2026-07-08,Trieste,Hard,C,R16,Michele Ribecai,Matej Dodig,2026-07-08 03:55:42,7/8/26 10:30 AM,0.4367,0.5633,115.0,-150,2.15,1.6666666666666663,1.5,(-110),(-120),22.0,(-110),(-120)
odds_033d6e05f703719cbeae,2026-07-08T03:59:00.644781,run_20260708T034903Z,match_e826bb24fb0686eab36c,2026-07-08,Trieste,Hard,C,R16,Lukas Neumayer,Guido Ivan Justo,2026-07-08 03:55:42,7/8/26 12:10 PM,0.7162,0.2838,-325.0,+230,1.3076923076923077,3.3,-4.0,(-120),(-110),21.5,(-110),(-120)
odds_6c9db28115326ea26f19,2026-07-08T03:59:02.849149,run_20260708T034903Z,match_c3ac5075663b82c5b1f6,2026-07-08,Trieste,Hard,C,R16,Henri Squire,Francesco Passaro,2026-07-08 03:55:43,7/8/26 2:45 PM,0.4085,0.5915,130.0,-170,2.3,1.5882352941176472,2.5,(-115),(-115),23.0,(-110),(-120)
odds_fba1da6bf91da798cc0c,2026-07-08T03:59:05.052651,run_20260708T034903Z,match_9baf6755e8e32236c7ee,2026-07-08,Newport,Hard,C,R64,Mackenzie McDonald,Adam Walton,2026-07-08 03:56:17,7/8/26 3:00 PM,0.4899,0.5101,-110.0,-120,1.9090909090909087,1.8333333333333333,0.5,(-120),(-110),23.0,(-115),(-115)
odds_fc7626fe89f791b85582,2026-07-08T03:59:07.253753,run_20260708T034903Z,match_e74d7995a74ff3a6e466,2026-07-08,Newport,Hard,C,R32,Aleksandar Vukic,Liam Broady,2026-07-08 03:56:18,7/8/26 4:30 PM,0.5,0.5,-115.0,-115,1.869565217391304,1.869565217391304,0.5,(-120),(-110),22.5,(-120),(-110)
odds_3c28d908f0c0987cd435,2026-07-08T03:59:09.444957,run_20260708T034903Z,match_64685c8dd2c2bb00e018,2026-07-08,Newport,Hard,C,R32,August Holmgren,Tristan Schoolkate,2026-07-08 03:56:18,7/8/26 4:30 PM,0.4459,0.5541,110.0,-145,2.1,1.6896551724137931,1.0,(-110),(-120),23.5,(-115),(-115)
odds_1452d466d0035e65e6aa,2026-07-08T03:59:11.648955,run_20260708T034903Z,match_36afe8a77e0ac3a98f76,2026-07-08,Newport,Hard,C,R32,Bernard Tomic,Braden Shick,2026-07-08 03:56:19,7/8/26 4:30 PM,0.6379,0.3621,-210.0,+160,1.4761904761904765,2.6,-3.0,(-110),(-120),22.0,(-120),(-110)
odds_445c8eda9b6fa712cf53,2026-07-08T03:59:13.850987,run_20260708T034903Z,match_a6d5c2b6faf4eb3f47c2,2026-07-08,Newport,Hard,C,,Daniil Glinka,Bu Yunchaokete,2026-07-08 03:56:20,7/8/26 7:30 PM,0.2129,0.7871,340.0,-525,4.4,1.1904761904761905,4.0,(-110),(-120),22.0,(-105),(-125)
odds_887c343c10aa83a232b9,2026-07-07T21:55:43.934024,,,2026-07-08,Testville,Hard,C,R32,Player A,Player B,,,0.5,0.5,-110.0,-110,1.91,1.91,,,,,,
odds_29763a87c53fb71677bc,2026-07-07T21:55:43.943962,,,2026-07-08,Testville,Hard,C,R32,Player A,Player B,,,0.5,0.5,-110.0,-110,1.91,1.91,,,,,,
odds_b2476aee29dc63299fba,2026-07-07T21:55:43.964094,,,2026-07-08,Testville,Hard,C,R32,Player A,Player B,,,0.5,0.5,-110.0,-110,1.91,1.91,,,,,,
odds_8d3b121e0bf3c975b29a,2026-07-08T00:52:00.367094,run_20260708T071952Z,match_4a28eddfe82ae0d4dae3,2026-07-08,Men's Singles,Grass,G,QF,Taylor Fritz,Alexander Zverev,2026-07-08 07:21:17,7/8/26 6:30 AM,0.5564,0.4436,-140.0,+115,1.7142857142857144,2.15,-1.0,(-115),(-115),44.5,(-120),(-110)
odds_0f88ccdf8931b635b195,2026-07-08T00:52:01.510268,run_20260708T071952Z,match_31841590ac8cd848beb2,2026-07-08,Men's Singles,Grass,G,QF,Flavio Cobolli,Arthur Fery,2026-07-08 07:21:18,7/8/26 7:00 AM,0.7064,0.2936,-285.0,+225,1.350877192982456,3.25,-5.0,(-110),(-120),37.5,(-120),(-110)
odds_2046bb0a3b3dcf9d6718,2026-07-08T00:52:02.677323,run_20260708T071952Z,match_3458169fde10bbcb35ba,2026-07-10,Men's Singles,Grass,G,SF,Jannik Sinner,Novak Djokovic,2026-07-08 07:21:18,7/10/26 5:30 AM,0.7864,0.2136,-450.0,+350,1.2222222222222223,4.5,-5.5,(-105),(-125),38.0,(-120),(-110)
odds_274fe614080ea9ed5c60,2026-07-08T00:52:03.811644,run_20260708T071952Z,match_3cb075a8b66183e90f61,2026-07-08,ITF Men Bucharest,Clay,15,R32,Ergi Kirkin,Valentin Vanta,2026-07-08 07:21:20,7/8/26 1:00 AM,0.8381,0.1619,-900.0,+475,1.1111111111111112,5.75,-6.5,(-120),(-120),18.0,(-125),(-115)
odds_03f683d12a8841b2d586,2026-07-08T00:52:04.918259,run_20260708T071952Z,match_024976f1d35b7b3d4197,2026-07-08,ITF Men Bucharest,Clay,15,R32,Freddy Murray,Robert Guna,2026-07-08 07:21:21,7/8/26 1:00 AM,0.1036,0.8964,800.0,-2500,9.0,1.04,7.5,(-135),(-105),17.0,(-110),(-130)
odds_1fe80283d6f54801c9ec,2026-07-08T00:52:06.015224,run_20260708T071952Z,match_8b3247a696068b3200cc,2026-07-08,ITF Men Bucharest,Clay,15,R32,Aljaz Jeran,Dario Alexandru Ciobotaru,2026-07-08 07:21:21,7/8/26 2:30 AM,0.8451,0.1549,-1000.0,+500,1.1,6.0,,,,,,
odds_eb3eeeb999c18521a32d,2026-07-08T00:52:07.116857,run_20260708T071952Z,match_2dba5550d02c1e8e43c0,2026-07-08,ITF Men Bucharest,Clay,15,R32,Mircea Mortasifu,Henrik Bladelius,2026-07-08 07:21:22,7/8/26 2:30 AM,0.0435,0.9565,2100.0,-100000,22.0,1.001,8.5,(-135),(-105),15.5,(-140),(EVEN)
odds_b833d24c50b9515db5d3,2026-07-08T00:52:08.179528,run_20260708T071952Z,match_97cf531a634cb15a2346,2026-07-08,ITF Men Bucharest,Clay,15,R32,Niccolo Catini,Brendan Mcdonald,2026-07-08 07:21:22,7/8/26 2:30 AM,0.8964,0.1036,-2500.0,+800,1.04,9.0,-7.0,(-120),(-120),17.5,(-110),(-130)
odds_b66823486f803439dd8f,2026-07-08T00:52:09.282056,run_20260708T071952Z,match_8259cf6a22ae7e30f230,2026-07-08,ITF Men Bucharest,Clay,15,R32,William Mirarchi,Rares Andrei Golescu,2026-07-08 07:21:22,7/8/26 2:30 AM,0.8834,0.1166,-1800.0,+700,1.0555555555555556,8.0,-7.0,(-115),(-125),17.5,(EVEN),(-140)
odds_a1e33a2a7369f9074ccb,2026-07-08T00:52:10.362194,run_20260708T071952Z,match_ccb985a4782b167b3070,2026-07-08,ITF Men Kursumlijska Banja,Clay,15,,Michael Minasyan,Antoni Fabre,2026-07-08 07:21:27,7/8/26 1:30 AM,0.5,0.5,-120.0,-120,1.8333333333333337,1.8333333333333337,-120.0,(-120),(-120),20.5,(-120),(-120)
odds_123e6fef92093ac74dcf,2026-07-08T00:52:11.450431,run_20260708T071952Z,match_5d64f5d5522fb01e92f3,2026-07-08,ITF Men Kursumlijska Banja,Clay,15,,Fedor Sosedkin,Leonardo Cattaneo,2026-07-08 07:21:27,7/8/26 1:35 AM,0.1036,0.8964,800.0,-2500,9.0,1.04,7.0,(-120),(-120),17.0,(-135),(-105)
odds_741b7ddc1631985db39d,2026-07-08T00:52:12.542420,run_20260708T071952Z,match_b8ce679124833a92869f,2026-07-08,ITF Men Kursumlijska Banja,Clay,15,,Alen Mujakic,Alessandro Bellifemine,2026-07-08 07:21:28,7/8/26 4:00 AM,0.519,0.481,-130.0,-110,1.7692307692307692,1.9090909090909087,-1.0,(-120),(-120),21.0,(-120),(-120)
odds_4e9fd014c2d50eca8ee1,2026-07-08T00:52:13.690425,run_20260708T071952Z,match_e066b7b291721fbba8a4,2026-07-08,ITF Men Kursumlijska Banja,Clay,15,,Anton Arzhankin,Mario Arce Fernandez,2026-07-08 07:21:28,7/8/26 4:00 AM,0.8225,0.1775,-750.0,+425,1.1333333333333333,5.25,-6.0,(-115),(-125),,,
odds_5a75b4bb41eecd5a2bd9,2026-07-08T00:52:14.782874,run_20260708T071952Z,match_99208963070d1c3263bd,2026-07-08,ITF Men Kursumlijska Banja,Clay,15,,Marko Bekeni,Semen Pankin,2026-07-08 07:21:29,7/8/26 4:00 AM,0.2402,0.7598,285.0,-460,3.85,1.2173913043478262,5.5,(-120),(-120),19.0,(-125),(-115)
odds_68ed0dbf25e253210dd2,2026-07-08T00:52:15.911944,run_20260708T071952Z,match_edf67c1d18b8ae16127d,2026-07-08,ITF Men Kursumlijska Banja,Clay,15,,Ognjen Milic,Jorge Plans,2026-07-08 07:21:29,7/8/26 4:00 AM,0.9277,0.0723,-7500.0,+1200,1.0133333333333334,13.0,,,,,,
odds_c63533b248e725e10775,2026-07-08T00:52:17.018710,run_20260708T071952Z,match_ac9112b3bffbe7579479,2026-07-08,ITF Men Kursumlijska Banja,Clay,15,,Aaron Gil Garcia,Dusan Obradovic,2026-07-08 07:21:29,7/8/26 5:35 AM,0.0849,0.9151,1000.0,-5000,11.0,1.02,6.5,(-115),(-125),,,
odds_acc29b1397dee39534ca,2026-07-08T00:52:18.112428,run_20260708T071952Z,match_1211ad71fd384f8be517,2026-07-08,ITF Men Kursumlijska Banja,Clay,15,,Benoit Torcq,Alejandro Melero Kretzer,2026-07-08 07:21:29,7/8/26 5:35 AM,0.3778,0.6222,145.0,-205,2.45,1.4878048780487805,3.5,(-120),(-120),20.5,(-120),(-120)
odds_c6cc5a32dc594a9364fb,2026-07-08T00:52:19.230004,run_20260708T071952Z,match_71b6a4d85fea23aa675c,2026-07-08,ITF Men Kursumlijska Banja,Clay,15,,Kristijan Juhas,Denis Klok,2026-07-08 07:21:30,7/8/26 5:35 AM,0.6444,0.3556,-230.0,+160,1.434782608695652,2.6,-3.5,(-130),(-110),20.5,(-115),(-125)
odds_03426d5728965523ca8c,2026-07-08T00:52:20.344884,run_20260708T071952Z,match_c184596d7d19a30038b6,2026-07-08,ITF Men Kursumlijska Banja,Clay,15,,Timofei Derepasko,Marko Milosavljevic,2026-07-08 07:21:30,7/8/26 5:35 AM,0.7106,0.2894,-330.0,+220,1.303030303030303,3.2,-4.5,(-110),(-130),21.0,(-125),(-115)
odds_d5f2615790c3ff3b1694,2026-07-08T00:52:21.435124,run_20260708T071952Z,match_14f9ae2d31f6e626730b,2026-07-08,ITF Men Kursumlijska Banja,Clay,15,,Vlado Jankanj,Aaron Funk,2026-07-08 07:21:31,7/8/26 5:35 AM,0.5989,0.4011,-185.0,+130,1.5405405405405406,2.3,-3.0,(-115),(-125),21.0,(-120),(-120)
odds_7dac740108145cc15175,2026-07-08T00:52:22.558052,run_20260708T071952Z,match_a6dbe926e95d879fbbca,2026-07-08,ITF Men Kursumlijska Banja,Clay,15,,Pedro Vives Marcos,Valerio Bracci,2026-07-08 07:21:31,7/8/26 7:00 AM,0.5,0.5,,,,,-9.0,(+110),(-155),15.0,(-155),(+110)
odds_fe3d7ddc59b3f6eb5e95,2026-07-08T00:52:23.657680,run_20260708T071952Z,match_891ac87c4a2aff67a8b4,2026-07-08,ITF Men Kursumlijska Banja,Clay,15,,Uros Zivkovic,Milos Mikovic,2026-07-08 07:21:32,7/8/26 7:05 AM,0.0455,0.9545,2000.0,-50000,21.0,1.002,8.5,(-115),(-125),15.5,(-115),(-125)
odds_155691f24a2160bf03fc,2026-07-08T00:52:24.797517,run_20260708T071952Z,match_f86a038ab802da813718,2026-07-08,ITF Men Bastia-Lucciana,Hard,15,,Benjamin Pietri,Pablo Pradat,2026-07-08 07:21:35,7/8/26 12:30 AM,0.8225,0.1775,-750.0,+425,1.1333333333333333,5.25,,,,18.0,(-135),(-105)
odds_2d80fc27e0c88576203d,2026-07-08T00:52:25.955125,run_20260708T071952Z,match_43408dd13b2ee064e8ba,2026-07-08,ITF Men Bastia-Lucciana,Hard,15,,Valentin Lapalu,Axel Garcian,2026-07-08 07:21:36,7/8/26 12:30 AM,0.3938,0.6062,135.0,-190,2.35,1.526315789473684,3.0,(-120),(-120),20.5,(-125),(-115)
odds_dc9ab1b2ec40857bb1ac,2026-07-08T00:52:27.090506,run_20260708T071952Z,match_8cfc53594d697787f75c,2026-07-08,ITF Men Bastia-Lucciana,Hard,15,,Yanis Ghazouani Durand,Tanguy Genier,2026-07-08 07:21:36,7/8/26 12:30 AM,0.6305,0.3695,-215.0,+150,1.4651162790697674,2.5,-3.5,(-120),(-120),20.5,(-125),(-115)
odds_233b9df127cf5814e1de,2026-07-08T00:52:28.269332,run_20260708T071952Z,match_54b048c9a247ca35379b,2026-07-08,ITF Men Bastia-Lucciana,Hard,15,,Arthur Bonnaud,Alexander Weis,2026-07-08 07:21:37,7/8/26 2:00 AM,0.1241,0.8759,650.0,-1600,7.5,1.0625,6.5,(-135),(-105),18.5,(-110),(-130)
odds_b62c78c245a7b4bcca63,2026-07-08T00:52:29.388493,run_20260708T071952Z,match_356478c056f69a890b90,2026-07-08,ITF Men Bastia-Lucciana,Hard,15,,Denis Constantin Spiridon,Tristan Berard,2026-07-08 07:21:37,7/8/26 2:00 AM,0.4393,0.5607,110.0,-155,2.1,1.6451612903225803,2.0,(-120),(-120),21.0,(-115),(-125)
odds_0debec9366d3596a4aab,2026-07-08T00:52:30.507955,run_20260708T071952Z,match_c6bd8d05e140d820f881,2026-07-08,ITF Men Bastia-Lucciana,Hard,15,,Florent Bax,Justin Lenders,2026-07-08 07:21:37,7/8/26 2:00 AM,0.9277,0.0723,-7500.0,+1200,1.0133333333333334,13.0,-6.5,(-115),(-125),18.5,(-120),(-120)
odds_e26e10cc1987d5f48061,2026-07-08T00:52:31.615395,run_20260708T071952Z,match_95647512cd19ab06c0fe,2026-07-08,ITF Men Bastia-Lucciana,Hard,15,,Gabriele Vulpitta,Nicolo Toffanin,2026-07-08 07:21:38,7/8/26 8:30 AM,0.7534,0.2466,-440.0,+275,1.2272727272727273,3.75,-5.5,(-115),(-125),19.0,(-125),(-115)
odds_a683dfbe12c6fcd479c8,2026-07-08T00:52:32.803630,run_20260708T071952Z,match_8704751386cfa433c8cc,2026-07-08,ITF Men Bastia-Lucciana,Hard,15,,Laurent Lokoli,Mathieu Scaglia,2026-07-08 07:21:38,7/8/26 8:30 AM,0.9151,0.0849,-5000.0,+1000,1.02,11.0,-6.5,(-130),(-110),17.5,(-135),(-105)
odds_4c0c68db252a949fe08e,2026-07-08T00:52:33.920025,run_20260708T071952Z,match_79dfb92f1a2310f53fcd,2026-07-08,ITF Men Bastia-Lucciana,Hard,15,,Mikail Alimli,Damien Salvestre,2026-07-08 07:21:39,7/8/26 8:30 AM,0.3188,0.6812,190.0,-280,2.9,1.3571428571428572,4.0,(-125),(-115),21.0,(-120),(-120)
odds_f47704cd8a3ca5d2b3d1,2026-07-08T00:52:35.050676,run_20260708T071952Z,match_b7c1df9d90843679fec8,2026-07-08,ITF Men Bastia-Lucciana,Hard,15,,Leonardo Primucci,Henri Haupt,2026-07-08 07:21:39,7/8/26 9:30 AM,0.8617,0.1383,-1200.0,+575,1.0833333333333333,6.75,-6.5,(-110),(-130),18.0,(-130),(-110)
odds_47440b4bbc3eeaca05f5,2026-07-08T00:52:36.113985,run_20260708T071952Z,match_46cb3f0124dcc493285b,2026-07-09,ITF Men Bastia-Lucciana,Hard,15,,Alejandro Arcila,Rodrigo Alujas,2026-07-08 07:21:40,7/9/26 1:00 AM,0.4905,0.5095,-115.0,-125,1.869565217391304,1.8,0.5,(-125),(-115),21.5,(-120),(-120)
odds_bedf98617cc66c982209,2026-07-08T00:52:37.229377,run_20260708T071952Z,match_b5788b59953748c65298,2026-07-08,Braunschweig,Clay,C,R16,Diego Dedura,Dalibor Svrcina,2026-07-08 07:21:42,7/8/26 2:00 AM,0.3621,0.6379,160.0,-210,2.6,1.4761904761904765,3.5,(-120),(-110),21.5,(-110),(-120)
odds_adde854d0fe0e72ed0c6,2026-07-08T00:52:38.331476,run_20260708T071952Z,match_549fd32540e5e791f673,2026-07-08,Braunschweig,Clay,C,R16,Max Schoenhaus,Laslo Djere,2026-07-08 07:21:42,7/8/26 3:10 AM,0.3232,0.6768,190.0,-260,2.9,1.3846153846153846,3.5,(-105),(-125),22.0,(-110),(-120)
odds_38016a726ab277cb68f3,2026-07-08T00:52:39.510963,run_20260708T071952Z,match_0cd3ccab2517cec448bc,2026-07-08,Braunschweig,Clay,C,R16,Daniel Rincon,Sebastian Ofner,2026-07-08 07:21:42,7/8/26 4:20 AM,0.25,0.75,275.0,-400,3.75,1.25,4.0,(-110),(-120),21.5,(-115),(-115)
odds_7be259a9f599d6c15c14,2026-07-08T00:52:40.602285,run_20260708T071952Z,match_a3eccb30365c98fcb6c4,2026-07-08,Braunschweig,Clay,C,R16,Jan Choinski,Max Hans Rehberg,2026-07-08 07:21:43,7/8/26 7:30 AM,0.5993,0.4007,-175.0,+135,1.5714285714285714,2.35,-2.5,(-110),(-120),22.5,(-115),(-115)
odds_3d03f0e62bbf6223181e,2026-07-08T00:52:41.680170,run_20260708T071952Z,match_8303bc08b579846aaf0a,2026-07-08,Liege,Clay,C,R16,Emilien Demanet,Lorenzo Giustino,2026-07-08 07:21:45,7/8/26 2:00 AM,0.3621,0.6379,160.0,-210,2.6,1.4761904761904765,3.0,(-110),(-120),22.0,(-110),(-120)
odds_eca1c0c33d643de5eae9,2026-07-08T00:52:42.779831,run_20260708T071952Z,match_750335bcd45764ab2146,2026-07-08,Liege,Clay,C,R16,Luca Staeheli,Jack Loge,2026-07-08 07:21:45,7/8/26 3:10 AM,0.5101,0.4899,-120.0,-110,1.8333333333333337,1.9090909090909087,-0.5,(-115),(-115),21.5,(-120),(-110)
odds_cda5642a618560fc3328,2026-07-08T00:52:43.927554,run_20260708T071952Z,match_ae62dac838ea9df6dff6,2026-07-08,Liege,Clay,C,R16,Sandro Kopp,Manas Manoj Dhamne,2026-07-08 07:21:46,7/8/26 4:20 AM,0.664,0.336,-240.0,+180,1.4166666666666667,2.8,-3.5,(-125),(-105),21.0,(-120),(-110)
odds_7353cf40df054c11b301,2026-07-08T00:52:45.162229,run_20260708T071952Z,match_9a960d32762161968f5b,2026-07-08,Liege,Clay,C,R16,Miguel Damas,Gilles Arnaud Bailly,2026-07-08 07:21:46,7/8/26 8:00 AM,0.4279,0.5721,120.0,-155,2.2,1.6451612903225803,2.0,(-110),(-120),21.5,(-115),(-115)
odds_bda9c1a5663e03b720c7,2026-07-08T00:52:46.262508,run_20260708T071952Z,match_d21063bf31ff70dca22b,2026-07-08,ITF Men Hillcrest,Hard,15,,Filip Peliwo,Chirag Duhan,2026-07-08 07:21:49,7/8/26 12:30 AM,0.7534,0.2466,-440.0,+275,1.2272727272727273,3.75,-4.5,(-110),(-130),20.5,(-120),(-120)
odds_d06661d93ef1bf9a5f7f,2026-07-08T00:52:47.355151,run_20260708T071952Z,match_bcde0ef7d3cabc175fac,2026-07-08,ITF Men Hillcrest,Hard,15,,James Hart,James Beaven,2026-07-08 07:21:49,7/8/26 12:30 AM,0.1099,0.8901,750.0,-2000,8.5,1.05,,,,,,
odds_d5a106b550e5b79215b2,2026-07-08T00:52:48.422819,run_20260708T071952Z,match_33f8c301f238b25d61ce,2026-07-08,ITF Men Hillcrest,Hard,15,,Ofek Shimanov,Stefan Vujic,2026-07-08 07:21:50,7/8/26 12:30 AM,0.6222,0.3778,-205.0,+145,1.4878048780487805,2.45,-3.0,(-115),(-125),22.0,(-115),(-125)
odds_094aa479a95ffe1d3d3d,2026-07-08T00:52:49.497337,run_20260708T071952Z,match_cfc85aab293cc3e4bbe4,2026-07-08,ITF Men Hillcrest,Hard,15,,Giulio Perego,Kris van Wyk,2026-07-08 07:21:50,7/8/26 1:30 AM,0.5607,0.4393,-155.0,+110,1.6451612903225803,2.1,-2.0,(-120),(-120),21.5,(-115),(-125)
odds_8b5aa971b20a437f2c09,2026-07-08T00:52:50.572012,run_20260708T071952Z,match_ff1372528d78b271119a,2026-07-08,ITF Men Hillcrest,Hard,15,,Kriish Tyagi,Filippo Francesco Garbero,2026-07-08 07:21:50,7/8/26 1:30 AM,0.6154,0.3846,-200.0,+140,1.5,2.4,-3.5,(-115),(-125),21.0,(-115),(-125)
odds_1b5c7138ebb8a9f128b5,2026-07-08T00:52:51.650287,run_20260708T071952Z,match_98cebd36562d2e55dd0e,2026-07-08,ITF Men Hillcrest,Hard,15,,Udit Kamboj,Alec Deckers,2026-07-08 07:21:51,7/8/26 1:30 AM,0.1166,0.8834,700.0,-1800,8.0,1.0555555555555556,5.5,(-110),(-130),19.0,(-125),(-115)
odds_60ecdf7dc764e5ca26af,2026-07-08T00:52:52.713325,run_20260708T071952Z,match_4e093f1abde6f9ff2400,2026-07-08,ITF Men Hillcrest,Hard,15,,Charlie Robertson,Ty Host,2026-07-08 07:21:51,7/8/26 3:00 AM,0.7106,0.2894,-330.0,+220,1.303030303030303,3.2,-4.5,(-105),(-135),21.0,(-120),(-120)
odds_0587ae374c98763749c3,2026-07-08T00:52:53.800049,run_20260708T071952Z,match_8bd9f0315d74cb3c2fc4,2026-07-09,ITF Men Hillcrest,Hard,15,,Zsombor Velcz,Jordan Hasson,2026-07-08 07:21:52,7/9/26 12:30 AM,0.7358,0.2642,-390.0,+250,1.2564102564102564,3.5,-4.5,(-115),(-125),20.5,(-115),(-125)
odds_a31778e5a3ae99416c32,2026-07-08T00:52:54.871452,run_20260708T071952Z,match_10956bebe11b7df12561,2026-07-08,ITF Men Lodz,Clay,15,R32,Aleksandr Braynin,Jan Wygona,2026-07-08 07:21:56,7/8/26 1:00 AM,0.8563,0.1437,-1100.0,+550,1.0909090909090908,6.5,-5.5,(-125),(-115),19.0,(-130),(-110)
odds_a83d38b800bb5997b155,2026-07-08T00:52:55.962479,run_20260708T071952Z,match_2577e2719a84270e10a5,2026-07-08,ITF Men Lodz,Clay,15,R32,Lorenzo Balducci,Antoni Kasperski,2026-07-08 07:21:56,7/8/26 1:00 AM,0.7864,0.2136,-550.0,+335,1.181818181818182,4.35,,,,,,
odds_049bad74f879682bdc85,2026-07-08T00:52:57.199314,run_20260708T071952Z,match_ba443eae3550dd2b16ce,2026-07-08,ITF Men Lodz,Clay,15,R32,Marcello Serafini,Leonardo Rossi,2026-07-08 07:21:57,7/8/26 1:00 AM,0.4713,0.5287,-105.0,-135,1.9523809523809523,1.7407407407407407,1.0,(-120),(-120),21.5,(-120),(-120)
odds_60b11cb0f987fd65fb20,2026-07-08T00:52:58.338524,run_20260708T071952Z,match_e7a37b08871bfb295846,2026-07-08,ITF Men Lodz,Clay,15,R32,Oliwier Sterniczuk,Jeremy Gschwendtner,2026-07-08 07:21:57,7/8/26 1:00 AM,0.186,0.814,400.0,-700,5.0,1.1428571428571428,5.5,(-105),(-135),19.0,(-115),(-125)
odds_853c1eab1d3387f16df4,2026-07-08T00:52:59.432668,run_20260708T071952Z,match_939bab025faa90d34bcb,2026-07-08,ITF Men Lodz,Clay,15,R32,Jan Chlodnicki,Alan Bojarski,2026-07-08 07:21:57,7/8/26 2:00 AM,0.3484,0.6516,165.0,-240,2.65,1.4166666666666667,4.0,(-125),(-115),20.0,(-120),(-120)
odds_2df32920626dd32c9da6,2026-07-08T00:53:00.515347,run_20260708T071952Z,match_c72c85e802dd9fe63593,2026-07-08,ITF Men Lodz,Clay,15,R32,Linus Lagerbohm,Patrik Homola,2026-07-08 07:21:58,7/8/26 2:00 AM,0.5516,0.4484,-150.0,+105,1.6666666666666663,2.05,-2.0,(-115),(-125),21.0,(-120),(-120)
odds_9bc0ef12993eae5afd08,2026-07-08T00:53:01.623411,run_20260708T071952Z,match_9aa91fcfcb8f23332bf5,2026-07-08,ITF Men Lodz,Clay,15,R32,Martins Rocens,Petros Tsitsipas,2026-07-08 07:21:58,7/8/26 2:00 AM,0.2642,0.7358,250.0,-390,3.5,1.2564102564102564,4.5,(-120),(-120),21.0,(-115),(-125)
odds_86ee63a324f6afaca027,2026-07-08T00:53:02.783656,run_20260708T071952Z,match_3ad878bfc90dbc47f6ef,2026-07-08,ITF Men Lodz,Clay,15,R32,Edoardo Cherie Ligniere,Marcel Kamrowski,2026-07-08 07:21:59,7/8/26 3:00 AM,0.6753,0.3247,-270.0,+185,1.3703703703703702,2.85,-4.5,(-110),(-130),20.0,(-125),(-115)
odds_cf05592c1bc629dfee6d,2026-07-08T00:53:03.952590,run_20260708T071952Z,match_56ee70d6fbac46498fca,2026-07-08,ITF Men Lodz,Clay,15,R32,Leyton Rivera,Tomasz Berkieta,2026-07-08 07:21:59,7/8/26 3:00 AM,0.1549,0.8451,500.0,-1000,6.0,1.1,6.0,(-130),(-110),19.0,(-110),(-130)
odds_9fff3ae1bf80f8b5a767,2026-07-08T00:53:05.052124,run_20260708T071952Z,match_ea473aebbabd8dafba31,2026-07-08,ITF Men Lodz,Clay,15,R32,Petr Michnev,Samuele Seghetti,2026-07-08 07:22:00,7/8/26 3:00 AM,0.6703,0.3297,-265.0,+180,1.3773584905660377,2.8,-4.0,(-110),(-130),20.5,(-120),(-120)
odds_65e36ab9b0ee9cb01bd5,2026-07-08T00:53:06.149243,run_20260708T071952Z,match_35a8869d9c763de55bd7,2026-07-08,ITF Men Lodz,Clay,15,R32,Vladyslav Orlov,Jakub Vrtilka,2026-07-08 07:22:00,7/8/26 3:00 AM,0.9369,0.0631,-10000.0,+1400,1.01,15.0,-7.5,(-140),(EVEN),16.5,(-110),(-130)
odds_1a4d9521add187e8f30f,2026-07-08T00:53:07.250167,run_20260708T071952Z,match_448a3136ab8821524497,2026-07-08,ITF Men Lodz,Clay,15,R32,Jakub Jedrzejczak,Kacper Knitter,2026-07-08 07:22:01,7/8/26 4:00 AM,0.4484,0.5516,105.0,-150,2.05,1.6666666666666663,1.5,(-120),(-120),21.0,(-120),(-120)
odds_36d16f16d73aa055e21f,2026-07-08T00:53:08.406219,run_20260708T071952Z,match_2c701b33dc7c243e68c9,2026-07-08,ITF Men Roda de Bara,Hard,15,R16,Gianluca Carlini,Yanki Erel,2026-07-08 07:22:04,7/8/26 1:00 AM,0.1166,0.8834,700.0,-1800,8.0,1.0555555555555556,6.0,(EVEN),(-140),18.5,(-120),(-120)
odds_90eefc9677247f64f9cf,2026-07-08T00:53:09.535986,run_20260708T071952Z,match_298003baedeb2d6bd582,2026-07-08,ITF Men Roda de Bara,Hard,15,R16,Hamish Stewart,Iliyan Radulov,2026-07-08 07:22:04,7/8/26 1:00 AM,0.6384,0.3616,-225.0,+155,1.4444444444444444,2.55,-3.5,(-120),(-120),21.0,(-125),(-115)
odds_5f183660ba759bc478ff,2026-07-08T00:53:10.626365,run_20260708T071952Z,match_feca0ea9b46ba74363ec,2026-07-08,ITF Men Roda de Bara,Hard,15,R16,Manel Lazaro Juncadella,Dan Added,2026-07-08 07:22:05,7/8/26 1:00 AM,0.1954,0.8046,375.0,-650,4.75,1.1538461538461535,5.5,(-115),(-125),19.0,(-125),(-115)
odds_0cd6cfab2f289f6e9411,2026-07-08T00:53:11.750896,run_20260708T071952Z,match_45881da3c978da3ca3fd,2026-07-08,ITF Men Roda de Bara,Hard,15,R16,Robin Bertrand,Takuya Kumasaka,2026-07-08 07:22:05,7/8/26 1:00 AM,0.6222,0.3778,-205.0,+145,1.4878048780487805,2.45,-3.5,(-120),(-120),20.5,(-115),(-125)
odds_d11870f00a24b644f719,2026-07-08T00:53:12.860375,run_20260708T071952Z,match_1a3cb6208cf33d839e3e,2026-07-08,ITF Men Roda de Bara,Hard,15,R16,Lucas Poullain,Isaac Becroft,2026-07-08 07:22:06,7/8/26 2:15 AM,0.7598,0.2402,-460.0,+285,1.2173913043478262,3.85,-5.0,(-120),(-120),20.0,(-115),(-125)
odds_08efcaad8309fbe630f5,2026-07-08T00:53:14.029134,run_20260708T071952Z,match_52b9e6f648fb1877af1d,2026-07-08,ITF Men Roda de Bara,Hard,15,R16,Mae Malige,Oliver Crawford,2026-07-08 07:22:06,7/8/26 2:15 AM,0.2982,0.7018,210.0,-315,3.1,1.3174603174603174,4.5,(-130),(-110),20.5,(-120),(-120)
odds_215dd9a8bb4d6b95834d,2026-07-08T00:53:15.217385,run_20260708T071952Z,match_8c9724db25cf9f3bd5e3,2026-07-08,ITF Men Roda de Bara,Hard,15,R16,Matthias Uwe Kask,Ludovico Vaccari,2026-07-08 07:22:06,7/8/26 2:15 AM,0.6062,0.3938,-190.0,+135,1.526315789473684,2.35,-3.0,(-120),(-120),21.0,(-120),(-120)
odds_3622ccc50d93931fbf16,2026-07-08T00:53:16.357716,run_20260708T071952Z,match_935653b0454813e0ab0f,2026-07-08,ITF Men Roda de Bara,Hard,15,R16,Pavlos Tsitsipas,Aren Baybars,2026-07-08 07:22:07,7/8/26 5:00 AM,0.6516,0.3484,-240.0,+165,1.4166666666666667,2.65,-3.5,(-120),(-120),21.5,(-115),(-125)
odds_cfc40f923034571e9e50,2026-07-08T00:53:17.469690,run_20260708T071952Z,match_0506a83ded4afba3c7a6,2026-07-08,ITF Men The Hague,Hard,15,R32,Hazem Naw,Taym Alazmeh,2026-07-08 07:22:11,7/8/26 3:00 AM,0.7196,0.2804,-350.0,+230,1.2857142857142856,3.3,-4.5,(-130),(-110),20.5,(-110),(-130)
odds_fc66f0b652a1adc5cca8,2026-07-08T00:53:18.583529,run_20260708T071952Z,match_e563a962594379ba9c03,2026-07-08,ITF Men The Hague,Hard,15,R32,Jay Clarke,Mac Visser,2026-07-08 07:22:11,7/8/26 3:00 AM,0.9221,0.0779,-7000.0,+1100,1.0142857142857142,12.0,-7.0,(-130),(-110),17.5,(-115),(-125)
odds_8562e534d760d90f5558,2026-07-08T00:53:19.729711,run_20260708T071952Z,match_d5be0e3ba7406fbd9221,2026-07-08,ITF Men The Hague,Hard,15,R32,Stijn Paardekooper,Mateja Stanisavljevic,2026-07-08 07:22:12,7/8/26 3:00 AM,0.8451,0.1549,-1000.0,+500,1.1,6.0,-6.0,(-115),(-125),,,
odds_2ff18ef74f0bd6ddc536,2026-07-08T00:53:20.851153,run_20260708T071952Z,match_e57614743b5887019464,2026-07-08,ITF Men The Hague,Hard,15,R32,Abel Forger,Manvydas Balciunas,2026-07-08 07:22:12,7/8/26 4:00 AM,0.6305,0.3695,-215.0,+150,1.4651162790697674,2.5,-3.5,(-125),(-115),20.5,(-125),(-115)
odds_50ef11ee901d70c9ff8b,2026-07-08T00:53:22.048067,run_20260708T071952Z,match_a0f584beccf3dc20b7f7,2026-07-08,ITF Men The Hague,Hard,15,R32,Remy Dugardin,Louis Wessels,2026-07-08 07:22:13,7/8/26 4:00 AM,0.2466,0.7534,275.0,-440,3.75,1.2272727272727273,5.0,(-120),(-120),20.0,(-115),(-125)
odds_0cebe550ed6110c6d47b,2026-07-08T00:53:23.208369,run_20260708T071952Z,match_924a92394542e9883c54,2026-07-08,ITF Men The Hague,Hard,15,R32,Fons van Sambeek,Aristotelis Thanos,2026-07-08 07:22:13,7/8/26 5:30 AM,0.1954,0.8046,375.0,-650,4.75,1.1538461538461535,5.5,(-120),(-120),19.5,(-120),(-120)
odds_a12cf1df8e4ad42ba788,2026-07-08T00:53:24.378798,run_20260708T071952Z,match_7af97a49d92c1ab2d853,2026-07-08,ITF Men The Hague,Hard,15,R32,Rohan Mehra,Pietro Marino,2026-07-08 07:22:13,7/8/26 5:30 AM,0.2466,0.7534,275.0,-440,3.75,1.2272727272727273,5.0,(-130),(-110),20.5,(-115),(-125)
odds_a2509ab35e6d99d525a0,2026-07-08T00:53:25.536494,run_20260708T071952Z,match_bcd72fc2762fcae111d1,2026-07-08,ITF Men The Hague,Hard,15,R32,Alejandro Juan Mano,Max Van Nunen,2026-07-08 07:22:14,7/8/26 8:00 AM,0.9442,0.0558,-20000.0,+1600,1.005,17.0,-8.0,(-120),(-120),16.0,(-130),(-110)
odds_8a41a3a951b564229321,2026-07-08T00:53:26.654258,run_20260708T071952Z,match_b5e9b100454499d57b19,2026-07-08,ITF Men The Hague,Hard,15,R32,Jakub Nicod,Timeo Trufelli,2026-07-08 07:22:14,7/8/26 8:00 AM,0.8834,0.1166,-1800.0,+700,1.0555555555555556,8.0,-6.0,(-120),(-120),18.5,(-125),(-115)
odds_6d7bcbadb195f726f125,2026-07-08T00:53:27.880216,run_20260708T071952Z,match_2784a7fb868ec112d00e,2026-07-08,ITF Men The Hague,Hard,15,R32,Daniel Verbeek,Jim Hendrikx,2026-07-08 07:22:15,7/8/26 10:00 AM,0.7941,0.2059,-600.0,+350,1.1666666666666667,4.5,-5.5,(-125),(-115),19.0,(-125),(-115)
odds_ab88fe5922dd2a109b89,2026-07-08T00:53:28.987466,run_20260708T071952Z,match_e4b74884ad21bbcce862,2026-07-08,ITF Men The Hague,Hard,15,R32,Dax Donders,Yannik Kelm,2026-07-08 07:22:15,7/8/26 10:00 AM,0.1549,0.8451,500.0,-1000,6.0,1.1,,,,,,
odds_cd056ecf13ca7d220184,2026-07-08T00:53:30.112275,run_20260708T071952Z,match_f179e0c301b32d2d0c9e,2026-07-08,ITF Men The Hague,Hard,15,R32,Pieter de Lange,Daniele Rapagnetta,2026-07-08 07:22:16,7/8/26 10:00 AM,0.3695,0.6305,150.0,-215,2.5,1.4651162790697674,3.0,(-115),(-125),21.0,(-115),(-125)
odds_83702cf61377752b5133,2026-07-08T00:53:31.196344,run_20260708T071952Z,match_046958c4d378e997ff7f,2026-07-08,Nottingham,Grass,C,R16,Clement Chidekh,Alberto Barroso Campos,2026-07-08 07:22:17,7/8/26 3:00 AM,0.8291,0.1709,-750.0,+450,1.1333333333333333,5.5,-5.0,(-120),(-110),20.0,(-125),(-105)
odds_bb579b92894906623af8,2026-07-08T00:53:32.322253,run_20260708T071952Z,match_2c0899520d8887d133fb,2026-07-08,Nottingham,Grass,C,R16,Yi Zhou,Daniel de Jonge,2026-07-08 07:22:18,7/8/26 3:00 AM,0.7798,0.2202,-500.0,+325,1.2,4.25,-4.0,(-125),(-105),22.0,(-110),(-120)
odds_2ec5cd7fb8a0dcbf2eb3,2026-07-08T00:53:33.521754,run_20260708T071952Z,match_e8ecb269edf2dd070ec9,2026-07-08,Nottingham,Grass,C,R16,Ivan Ivanov,Lui Maxted,2026-07-08 07:22:18,7/8/26 4:00 AM,0.4694,0.5306,EVEN,-130,2.0,1.7692307692307692,1.0,(-115),(-115),22.0,(-115),(-115)
odds_617044594d78224c076d,2026-07-08T00:53:34.672390,run_20260708T071952Z,match_1b03892d34d14b6a52bc,2026-07-08,Nottingham,Grass,C,R16,Patrick Brady,Alastair Gray,2026-07-08 07:22:19,7/8/26 5:10 AM,0.3125,0.6875,+200,-275,3.0,1.3636363636363638,3.5,(-115),(-115),22.0,(-125),(-105)
odds_c86771a3ef5169f5b867,2026-07-08T00:53:35.847990,run_20260708T071952Z,match_36afe818633b55516e9e,2026-07-08,ITF Men Monastir,Hard,15,,Aziz Dougaz,Sean Daryabeigi,2026-07-08 07:22:21,7/8/26 1:30 AM,0.8225,0.1775,-750,+425,1.1333333333333333,5.25,-5.5,(-115),(-125),19.0,(-135),(-105)
odds_5c4592f99e7e94c038b2,2026-07-08T00:53:36.957315,run_20260708T071952Z,match_2a666d0b3e7708fc27f9,2026-07-08,ITF Men Monastir,Hard,15,,Karim Mabrouk,Tuncay Duran,2026-07-08 07:22:22,7/8/26 1:30 AM,0.1036,0.8964,+800,-2500,9.0,1.04,6.5,(-120),(-120),18.0,(-125),(-115)
odds_1db4125c0a16ff4a4e94,2026-07-08T00:53:38.161813,run_20260708T071952Z,match_21e4cb3a4059aa4cdbf1,2026-07-08,ITF Men Monastir,Hard,15,,Roan Jones,Ibrahim Snoussi,2026-07-08 07:22:22,7/8/26 1:30 AM,0.9066,0.0934,-3300,+900,1.0303030303030305,10.0,-7.0,(-130),(-110),17.0,(-130),(-110)
odds_273a4bbbcaf34e45edea,2026-07-08T00:53:39.311042,run_20260708T071952Z,match_3915a670aaed813c9023,2026-07-08,ITF Men Monastir,Hard,15,,Daniel Bagnolini,Timofey Stepanov,2026-07-08 07:22:23,7/8/26 2:30 AM,0.2894,0.7106,+220,-330,3.2,1.303030303030303,4.5,(-115),(-125),20.5,(-110),(-130)
odds_f06af4621d2f21c5f0f2,2026-07-08T00:53:40.448668,run_20260708T071952Z,match_1f18f14fc23a2868667a,2026-07-08,ITF Men Monastir,Hard,15,,Logan Zapp,Anas Bennour Dit Sahli,2026-07-08 07:22:23,7/8/26 2:30 AM,0.7432,0.2568,-410,+260,1.2439024390243902,3.6,-5.0,(-110),(-130),20.0,(-115),(-125)
odds_add4622deb2fdddd2694,2026-07-08T00:53:41.535612,run_20260708T071952Z,match_74d327e2b067b5442728,2026-07-08,ITF Men Monastir,Hard,15,,Nathan Blokhin,Jacob Bradshaw,2026-07-08 07:22:24,7/8/26 2:30 AM,0.2466,0.7534,+275,-440,3.75,1.2272727272727273,5.0,(-125),(-115),19.5,(-120),(-120)
odds_3713e307ee68efe2e8f1,2026-07-08T00:53:42.652832,run_20260708T071952Z,match_6e53f8e3a67b7a87632c,2026-07-08,ITF Men Monastir,Hard,15,,Nazim Makhlouf,Yassine Smiej,2026-07-08 07:22:24,7/8/26 3:30 AM,0.5607,0.4393,-155,+110,1.6451612903225803,2.1,-2.5,(-120),(-120),20.5,(-120),(-120)
odds_55894658c3b5d3a98a2a,2026-07-08T00:53:43.815027,run_20260708T071952Z,match_04011702cb2569a86c0b,2026-07-08,Iasi,Clay,C,R16,Ilia Simakin,Lautaro Midon,2026-07-08 07:22:26,7/8/26 3:30 AM,0.3232,0.6768,+190,-260,2.9,1.3846153846153846,4.0,(-130),(EVEN),21.5,(-115),(-115)
odds_40d2d07ab27294ddcaa0,2026-07-08T00:53:44.996545,run_20260708T071952Z,match_aac6fedf72b2c4f35545,2026-07-08,Iasi,Clay,C,R16,Pedro Martinez,Maks Kasnikowski,2026-07-08 07:22:26,7/8/26 4:40 AM,0.4367,0.5633,+115,-150,2.15,1.6666666666666663,1.5,(-110),(-120),22.0,(-115),(-115)
odds_8359ba3609171735d623,2026-07-08T00:53:46.170531,run_20260708T071952Z,match_24f60205e07d6f356e72,2026-07-08,Iasi,Clay,C,R16,Jerome Kym,Sascha Gueymard Wayenburg,2026-07-08 07:22:27,7/8/26 5:00 AM,0.6768,0.3232,-260,+190,1.3846153846153846,2.9,-3.0,(-125),(-105),22.5,(-110),(-120)
odds_bde0cb093f81b377b698,2026-07-08T00:53:47.308250,run_20260708T071952Z,match_1cffb28749dd11bb55c7,2026-07-08,Iasi,Clay,C,R16,Zsombor Piros,Damir Dzumhur,2026-07-08 07:22:27,7/8/26 8:00 AM,0.6091,0.3909,-185,+140,1.5405405405405406,2.4,-2.5,(-125),(-105),22.0,(-115),(-115)
odds_f6aef6d70ab1e68ab8de,2026-07-08T00:53:48.439493,run_20260708T071952Z,match_56a1eec648a0709967b2,2026-07-08,ITF Men Kassel,Hard,15,R32,Aryan Shah,Anton Matusevich,2026-07-08 07:22:31,7/8/26 2:00 AM,0.3556,0.6444,+160,-230,2.6,1.434782608695652,3.5,(-130),(-110),21.5,(-125),(-115)
odds_8847547d384727af3100,2026-07-08T00:53:49.566488,run_20260708T071952Z,match_4d6b215355066483fea4,2026-07-08,,Hard,15,,Ioannis Xilas,Isac Strömberg,,,0.5,0.5,,,,,,,,,,
odds_e68175064820f96eb075,2026-07-08T00:53:50.757724,run_20260708T071952Z,match_2466dcbd265c917f7a59,2026-07-08,ITF Men Kassel,Hard,15,R32,Mariano Dedura-Palomero,Lasse Poertner,2026-07-08 07:22:32,7/8/26 2:00 AM,0.4713,0.5287,-105,-135,1.9523809523809523,1.7407407407407407,1.0,(-120),(-120),21.0,(-125),(-115)
odds_bf01fca8b5f9442983c1,2026-07-08T00:53:51.876622,run_20260708T071952Z,match_fcffcc5fb380fc180916,2026-07-08,ITF Men Kassel,Hard,15,R32,Michel Hopp,David Fix,2026-07-08 07:22:32,7/8/26 2:00 AM,0.6062,0.3938,-190,+135,1.526315789473684,2.35,-3.0,(-120),(-120),21.0,(-120),(-120)
odds_8ee38d9053a954912f6c,2026-07-08T00:53:53.024553,run_20260708T071952Z,match_f9bd87f2a1bc225346ad,2026-07-08,ITF Men Kassel,Hard,15,R32,Adrian Oetzbach,Justin Schlageter,2026-07-08 07:22:33,7/8/26 3:00 AM,0.5516,0.4484,-150,+105,1.6666666666666663,2.05,-2.0,(-115),(-125),22.0,(-110),(-130)
odds_1af0b6a17844a0f4620c,2026-07-08T00:53:54.158763,run_20260708T071952Z,match_3d3165790c085eef97e3,2026-07-08,ITF Men Kassel,Hard,15,R32,Arian Barbic,Matthew William Donald,2026-07-08 07:22:33,7/8/26 3:00 AM,0.0558,0.9442,+1600,-20000,17.0,1.005,7.5,(-130),(-110),,,
odds_77189ce9f645a8b09f58,2026-07-08T00:53:55.368867,run_20260708T071952Z,match_26706c444bacd7a0667e,2026-07-08,ITF Men Kassel,Hard,15,R32,Daniel Siniakov,Calvin Mueller,2026-07-08 07:22:33,7/8/26 3:00 AM,0.7941,0.2059,-600,+350,1.1666666666666667,4.5,-5.5,(-115),(-125),19.5,(-110),(-130)
odds_dd7d8be930a7ca127b94,2026-07-08T00:53:56.548618,run_20260708T071952Z,match_566747625c9624ff1133,2026-07-08,ITF Men Kassel,Hard,15,R32,Dominik Recek,Luca Castagnola,2026-07-08 07:22:34,7/8/26 3:00 AM,0.5385,0.4615,-140,EVEN,1.7142857142857144,2.0,-1.5,(-125),(-115),21.5,(-120),(-120)
odds_57fe157aa2dffe6c0193,2026-07-08T00:53:57.683708,run_20260708T071952Z,match_39a4e0541eb98571f88d,2026-07-08,ITF Men Kassel,Hard,15,R32,Gregor Hausberger,Oleksii Krutykh,2026-07-08 07:22:34,7/8/26 4:00 AM,0.0849,0.9151,+1000,-5000,11.0,1.02,,,,,,
odds_8377ab1f8b254f97ed02,2026-07-08T00:53:58.804166,run_20260708T071952Z,match_ee1446c859d01339dfde,2026-07-08,ITF Men Kassel,Hard,15,R32,Kirill Kivattsev,Iannis Miletich,2026-07-08 07:22:35,7/8/26 4:00 AM,0.7239,0.2761,-360,+235,1.2777777777777777,3.35,-4.5,(-120),(-120),20.0,(-130),(-110)
odds_1e59bde4be6e6650e47f,2026-07-08T00:53:59.911081,run_20260708T071952Z,match_a09528436472c9f60632,2026-07-08,ITF Men Kassel,Hard,15,R32,Matteo Fondriest,Nikolai Barsukov,2026-07-08 07:22:35,7/8/26 4:00 AM,0.2136,0.7864,+335,-550,4.35,1.181818181818182,4.5,(-105),(-135),20.0,(-130),(-110)
odds_b93957dc2078af351de5,2026-07-08T00:54:01.023000,run_20260708T071952Z,match_05b1e84dc10e88320bdc,2026-07-08,Trieste,Clay,C,R16,Michele Ribecai,Matej Dodig,2026-07-08 07:22:37,7/8/26 3:30 AM,0.4592,0.5408,+105,-135,2.05,1.7407407407407407,1.0,(-110),(-120),22.0,(-115),(-115)
odds_cf97ec9ef9c60abf9276,2026-07-08T00:54:02.106531,run_20260708T071952Z,match_b6b99a61a4ede1c3ae6c,2026-07-08,Trieste,Clay,C,R16,Lukas Neumayer,Guido Ivan Justo,2026-07-08 07:22:37,7/8/26 5:10 AM,0.7313,0.2687,-350,+250,1.2857142857142856,3.5,-4.0,(-120),(-110),21.5,(-110),(-120)
odds_98c2c7caea35c20113cf,2026-07-08T00:54:03.189702,run_20260708T071952Z,match_df2639449528bfbd548d,2026-07-08,Trieste,Clay,C,R16,Henri Squire,Francesco Passaro,2026-07-08 07:22:37,7/8/26 7:45 AM,0.4085,0.5915,+130,-170,2.3,1.5882352941176472,2.5,(-115),(-115),23.0,(-110),(-120)
odds_90dcc7e228d5dbe6bf57,2026-07-08T00:54:04.285701,run_20260708T071952Z,match_0e04f0ffbd250464296a,2026-07-08,ITF Men Dallas,Hard,15,R32,Alexander Frusina,Xavier Calvelo,2026-07-08 07:22:41,7/8/26 8:00 AM,0.6753,0.3247,-270,+185,1.3703703703703702,2.85,-4.0,(-130),(-110),20.0,(-125),(-115)
odds_6dba37cd08efbb23a2bf,2026-07-08T00:54:05.410910,run_20260708T071952Z,match_8d686c76a87def94ddba,2026-07-08,ITF Men Dallas,Hard,15,R32,Andreja Petrovic,Dakotah Bobo,2026-07-08 07:22:42,7/8/26 8:00 AM,0.7018,0.2982,-315,+210,1.3174603174603174,3.1,-4.5,(-110),(-130),20.5,(-120),(-120)
odds_b3a2d81e59da9c11b162,2026-07-08T00:54:06.507997,run_20260708T071952Z,match_01d6dcdd04891e17f9e5,2026-07-08,ITF Men Dallas,Hard,15,R32,Georgi Georgiev,Landon Ardila,2026-07-08 07:22:42,7/8/26 8:00 AM,0.4393,0.5607,+110,-155,2.1,1.6451612903225803,2.5,(-125),(-115),21.0,(-120),(-120)
odds_19aac45185eec27f54e8,2026-07-08T00:54:07.622223,run_20260708T071952Z,match_fd16cbd24017d0ce2f2f,2026-07-08,ITF Men Dallas,Hard,15,,Alejandro Hernandez Gutierrez,Aidan Kim,2026-07-08 07:22:43,7/8/26 9:30 AM,0.0631,0.9369,+1400,-10000,15.0,1.01,7.5,(-130),(-110),17.0,(-105),(-135)
odds_ab10863689268aea0614,2026-07-08T00:54:08.734173,run_20260708T071952Z,match_3d6a28418bf65b0b9b09,2026-07-08,ITF Men Dallas,Hard,15,R32,Maximus Dussault,Trevor Svajda,2026-07-08 07:22:43,7/8/26 9:30 AM,0.1437,0.8563,+550,-1100,6.5,1.0909090909090908,6.0,(-120),(-120),18.5,(-130),(-110)
odds_004b6d119ee83491b03a,2026-07-08T00:54:09.830807,run_20260708T071952Z,match_5946fd8b980cfb6bf8c4,2026-07-08,ITF Men Dallas,Hard,15,R32,Mees Rottgering,Billy Suarez,2026-07-08 07:22:44,7/8/26 9:30 AM,0.9277,0.0723,-7500,+1200,1.0133333333333334,13.0,-6.5,(-130),(-110),18.0,(-125),(-115)
odds_b77638dbf2434cc16247,2026-07-08T00:54:10.896537,run_20260708T071952Z,match_f26a56ae5ea6fe2c41fb,2026-07-08,ITF Men Dallas,Hard,15,R32,Mitchell Krueger,Aleksandar Mitric,2026-07-08 07:22:44,7/8/26 9:30 AM,0.8759,0.1241,-1600,+650,1.0625,7.5,-5.5,(-140),(EVEN),19.0,(-130),(-110)
odds_238614e5c8a85534e70e,2026-07-08T00:54:12.049457,run_20260708T071952Z,match_9f88a3555a71fb14a755,2026-07-08,ITF Men Dallas,Hard,15,R32,Jonah Braswell,William Manning,2026-07-08 07:22:45,7/8/26 11:00 AM,0.3428,0.6572,+170,-245,2.7,1.4081632653061225,3.5,(-110),(-130),21.0,(-120),(-120)
odds_2be0643dead24edd8fe0,2026-07-08T00:54:13.229726,run_20260708T071952Z,match_d9157f55430f80a7d5d2,2026-07-08,ITF Men Dallas,Hard,15,R32,Joshua Sheehy,Sebastian Gorzny,2026-07-08 07:22:45,7/8/26 11:00 AM,0.3938,0.6062,+135,-190,2.35,1.526315789473684,2.5,(-115),(-125),22.0,(-115),(-125)
odds_3dfbb82cc5aa86b82be5,2026-07-08T00:54:14.701494,run_20260708T071952Z,match_c6fd9b47b770cdcbd24d,2026-07-08,ITF Men Dallas,Hard,15,R32,Luca Pow,Gavin Young,2026-07-08 07:22:46,7/8/26 11:00 AM,0.3616,0.6384,+155,-225,2.55,1.4444444444444444,3.0,(-115),(-125),21.5,(-120),(-120)
odds_38a17ef20441f76abc26,2026-07-08T00:54:16.257331,run_20260708T071952Z,match_db82b557afe99037d0cf,2026-07-08,ITF Men Dallas,Hard,15,R32,Stiles Brockett,Bruno Kuzuhara,2026-07-08 07:22:46,7/8/26 11:00 AM,0.232,0.768,+300,-480,4.0,1.2083333333333333,4.5,(-105),(-135),20.0,(-125),(-115)
odds_a6cd77cd5028afe87cd3,2026-07-08T00:54:17.494434,run_20260708T071952Z,match_91951de57243514a71ca,2026-07-08,ITF Men San Salvador de Jujuy,Hard,15,R16,Enzo Kohlmann de Freitas,Julian Cundom,2026-07-08 07:22:48,7/8/26 6:30 AM,0.7106,0.2894,-330,+220,1.303030303030303,3.2,-4.5,(-115),(-125),20.5,(-110),(-130)
odds_a87db20d389216aa87e9,2026-07-08T00:54:18.601058,run_20260708T071952Z,match_7fca0592569da9a1b5f7,2026-07-08,ITF Men San Salvador de Jujuy,Hard,15,R16,Joaquin Aguilar Cardozo,Nicolas Garcia Longo,2026-07-08 07:22:48,7/8/26 6:30 AM,0.8964,0.1036,-2500,+800,1.04,9.0,-7.0,(EVEN),(-140),17.5,(-120),(-120)
odds_3927c9e528f3d27ad30c,2026-07-08T00:54:19.690585,run_20260708T071952Z,match_70e45f6bd3fe93c5d197,2026-07-08,ITF Men San Salvador de Jujuy,Hard,15,R16,Juan Ignacio Gallego,Thiago Cigarran,2026-07-08 07:22:48,7/8/26 7:30 AM,0.2761,0.7239,+235,-360,3.35,1.2777777777777777,4.5,(-120),(-120),20.0,(-130),(-110)
odds_4b5cd9421c7e2745b73a,2026-07-08T00:54:20.822708,run_20260708T071952Z,match_9baf6755e8e32236c7ee,2026-07-08,Newport,Hard,C,R64,Mackenzie McDonald,Adam Walton,2026-07-08 07:22:51,7/8/26 8:00 AM,0.4899,0.5101,-110,-120,1.9090909090909087,1.8333333333333337,0.5,(-120),(-110),23.0,(-115),(-115)
odds_e6691c61bf640a784627,2026-07-08T00:54:21.984897,run_20260708T071952Z,match_e74d7995a74ff3a6e466,2026-07-08,Newport,Hard,C,R32,Aleksandar Vukic,Liam Broady,2026-07-08 07:22:52,7/8/26 9:30 AM,0.5,0.5,-115,-115,1.869565217391304,1.869565217391304,-110.0,(-110),(-120),22.5,(-120),(-110)
odds_0b19bc70c19e739d7b68,2026-07-08T00:54:23.152117,run_20260708T071952Z,match_64685c8dd2c2bb00e018,2026-07-08,Newport,Hard,C,R32,August Holmgren,Tristan Schoolkate,2026-07-08 07:22:52,7/8/26 9:30 AM,0.4459,0.5541,+110,-145,2.1,1.6896551724137931,1.0,(-110),(-120),23.5,(-115),(-115)
odds_c22175c42e997f8a9598,2026-07-08T00:54:24.289037,run_20260708T071952Z,match_36afe8a77e0ac3a98f76,2026-07-08,Newport,Hard,C,R32,Bernard Tomic,Braden Shick,2026-07-08 07:22:53,7/8/26 9:30 AM,0.6379,0.3621,-210,+160,1.4761904761904765,2.6,-3.0,(-110),(-120),22.0,(-120),(-110)
odds_9489d146612156abd5b6,2026-07-08T00:54:25.440099,run_20260708T071952Z,match_a6d5c2b6faf4eb3f47c2,2026-07-08,Newport,Hard,C,,Daniil Glinka,Bu Yunchaokete,2026-07-08 07:22:53,7/8/26 12:30 PM,0.208,0.792,+350,-550,4.5,1.181818181818182,4.0,(-105),(-125),22.0,(-105),(-125)
odds_302a3d8883fb4c52e86f,2026-07-08T00:54:27.000512,run_20260708T071952Z,match_143794919847f92c2b0c,2026-07-08,ITF Men Wuning,Hard,15,,Hiiro Sakamoto,James Van Herzeele,2026-07-08 07:22:54,7/8/26 1:10 AM,0.3131,0.6869,+195,-290,2.95,1.3448275862068966,4.5,(-115),(-125),19.5,(-125),(-115)
odds_3d5aea24ba2e3d50c1fc,2026-07-08T00:54:29.320341,run_20260708T071952Z,match_f3b690386056a03d29a2,2026-07-08,ITF Men Rancho Santa Fe,Hard,15,R32,Hugo Hashimoto,Noah Johnston,2026-07-08 07:22:58,7/8/26 9:00 AM,0.4011,0.5989,+130,-185,2.3,1.5405405405405406,3.0,(-125),(-115),21.0,(-120),(-120)
odds_7544671b2039b314c5e7,2026-07-08T00:54:30.545669,run_20260708T071952Z,match_f67b075c708690e3d25a,2026-07-08,ITF Men Rancho Santa Fe,Hard,15,R32,Joaquim de Almeida,Alejandro Hayen,2026-07-08 07:22:58,7/8/26 9:00 AM,0.8302,0.1698,-800,+450,1.125,5.5,,,,,,
odds_da29c1b1f8f0828014a2,2026-07-08T00:54:31.894399,run_20260708T071952Z,match_8587513e9f9582dc03be,2026-07-08,ITF Men Rancho Santa Fe,Hard,15,R32,Rudy Quan,Henry Ren,2026-07-08 07:22:59,7/8/26 9:00 AM,0.8834,0.1166,-1800,+700,1.0555555555555556,8.0,-6.5,(-135),(-105),17.5,(-130),(-110)
odds_7f0fa802134b817035ef,2026-07-08T00:54:33.093990,run_20260708T071952Z,match_7f9e17bb8da2310dd10a,2026-07-08,ITF Men Rancho Santa Fe,Hard,15,R32,Bryce Nakashima,Theodore Dean,2026-07-08 07:22:59,7/8/26 10:00 AM,0.768,0.232,-480,+300,1.2083333333333333,4.0,-5.5,(-110),(-130),19.5,(-115),(-125)
odds_5f34829fb67aa064b9f7,2026-07-08T00:54:34.243105,run_20260708T071952Z,match_42fc582c4d10f8a9cb7d,2026-07-08,ITF Men Rancho Santa Fe,Hard,15,R32,Reece Falck,Alexander Guajardo,2026-07-08 07:23:00,7/8/26 10:00 AM,0.8046,0.1954,-650,+375,1.1538461538461535,4.75,-5.5,(-105),(-135),19.0,(-130),(-110)
odds_83cb1bdfc716885a953e,2026-07-08T00:54:35.500948,run_20260708T071952Z,match_5cb1ab88fdc0a592ee21,2026-07-08,ITF Men Rancho Santa Fe,Hard,15,R32,Stian Klaassen,William Zhang,2026-07-08 07:23:00,7/8/26 10:00 AM,0.8673,0.1327,-1400,+600,1.0714285714285714,7.0,-6.5,(-125),(-115),18.0,(-110),(-130)
odds_d2421fcbca85b723a050,2026-07-08T00:54:36.661302,run_20260708T071952Z,match_9186a899ca700d44b155,2026-07-08,,Hard,15,,Tyler Lee (ARMY),Youssef Kadiri Hassani,,,0.5,0.5,,,,,,,,,,
odds_30f586cb10b5328ba80a,2026-07-08T00:54:37.840914,run_20260708T071952Z,match_5075791939a1c898ba97,2026-07-08,,Hard,15,R32,Benjamin O'Connell,Noah Zamora,,,0.5,0.5,,,,,,,,,,
odds_a55680ba6cfceaf553ba,2026-07-08T00:54:39.124114,run_20260708T071952Z,match_0374a184720b23f46045,2026-07-08,ITF Men Rancho Santa Fe,Hard,15,R32,Hiroki Sakagawa,Roshan Santhosh,2026-07-08 07:23:02,7/8/26 12:00 PM,0.6305,0.3695,-215,+150,1.4651162790697674,2.5,-3.5,(-125),(-115),20.0,(-125),(-115)
odds_e30069f0f846545d31b2,2026-07-08T00:54:40.287516,run_20260708T071952Z,match_ef67f683d9e9a224ac1f,2026-07-08,ITF Men Rancho Santa Fe,Hard,15,R32,Jack Anthrop,Alexander Chang,2026-07-08 07:23:02,7/8/26 12:00 PM,0.6639,0.3361,-255,+175,1.392156862745098,2.75,-3.5,(-130),(-110),21.0,(-120),(-120)
odds_4a68da58bdb665863f62,2026-07-08T00:54:41.424061,run_20260708T071952Z,match_3bf36c415bfcf49f8451,2026-07-08,ITF Men Rancho Santa Fe,Hard,15,R32,Karl Kazuma Lee,Stefan Cooper,2026-07-08 07:23:03,7/8/26 12:00 PM,0.768,0.232,-480,+300,1.2083333333333333,4.0,-5.0,(-105),(-135),20.0,(-125),(-115)
odds_9761a610e984fb57b082,2026-07-08T00:54:42.554644,run_20260708T071952Z,match_094061ecc77fd8245d6a,2026-07-08,ITF Men Laval,Hard,15,R32,Duncan Chan,Nicola Ion,2026-07-08 07:23:06,7/8/26 10:00 AM,0.8901,0.1099,-2000,+750,1.05,8.5,-6.0,(-120),(-120),19.0,(-120),(-120)
odds_4e46c276968ce8413a74,2026-07-08T00:54:43.743453,run_20260708T071952Z,match_8ec259be2a8a372fd86c,2026-07-08,ITF Men Laval,Hard,15,R32,Jay Dylan Hara Friend,Eloi Roux,2026-07-08 07:23:06,7/8/26 10:00 AM,0.9565,0.0435,-100000,+2100,1.001,22.0,-8.0,(-110),(-130),16.0,(-135),(-105)
odds_aefd7ff5804361701093,2026-07-08T00:54:44.885001,run_20260708T071952Z,match_b7e96dcff256205bcc4a,2026-07-08,ITF Men Laval,Hard,15,R32,Niels Peter Van Noord,Mikael Arseneault,2026-07-08 07:23:07,7/8/26 10:00 AM,0.1549,0.8451,+500,-1000,6.0,1.1,,,,,,
odds_cd59bdc4de2f756836ff,2026-07-08T00:54:46.088375,run_20260708T071952Z,match_b8f123826cdbb5507c51,2026-07-08,ITF Men Laval,Hard,15,,Karl Poling,Sasha Rozin,2026-07-08 07:23:07,7/8/26 11:00 AM,0.5095,0.4905,-125,-115,1.8,1.869565217391304,-0.5,(-120),(-120),21.5,(-120),(-120)
odds_08d05251af74644897a2,2026-07-08T00:54:47.204332,run_20260708T071952Z,match_a0fc538cc5bf9ca55e2d,2026-07-08,ITF Men Laval,Hard,15,R32,Timo Legout,Justin Roberts,2026-07-08 07:23:07,7/8/26 11:00 AM,0.9151,0.0849,-5000,+1000,1.02,11.0,,,,,,
odds_c016109ca3b3fd6a3893,2026-07-08T00:54:48.342589,run_20260708T071952Z,match_e9b9779509f4233cb9e2,2026-07-08,ITF Men Laval,Hard,15,R32,Cole Thurgur,Joshua Peck,2026-07-08 07:23:08,7/8/26 12:30 PM,0.2188,0.7812,+325,-525,4.25,1.1904761904761905,5.5,(-130),(-110),19.5,(-110),(-130)
odds_0d4d724d71802e4ee75d,2026-07-08T00:54:49.519802,run_20260708T071952Z,match_0da2ef456b0d0d1764d3,2026-07-08,ITF Men Laval,Hard,15,R32,Maxime St-Hilaire,Alexandre Bergeron,2026-07-08 07:23:08,7/8/26 2:00 PM,0.4615,0.5385,EVEN,-140,2.0,1.7142857142857144,1.5,(-120),(-120),20.5,(-110),(-130)
odds_0696aa3a367ce5ffd620,2026-07-08T00:54:50.677503,run_20260708T071952Z,match_e7824c965cc09c7cb4f3,2026-07-08,ITF Men Laval,Hard,15,R32,Miko Lapalme,Strong Kirchheimer,2026-07-08 07:23:08,7/8/26 3:00 PM,0.1549,0.8451,+500,-1000,6.0,1.1,,,,,,
odds_88f982a2e5b0fe456ead,2026-07-08T09:50:09.786764,run_20260708T094211Z,match_4a28eddfe82ae0d4dae3,2026-07-08,Men's Singles,Grass,G,QF,Taylor Fritz,Alexander Zverev,2026-07-08 09:45:32,7/8/26 1:30 PM,0.5564,0.4436,-140,+115,1.7142857142857144,2.15,-1.0,(-115),(-115),44.5,(-115),(-115)
odds_a80ece6585a862a7f4fa,2026-07-08T09:50:12.471270,run_20260708T094211Z,match_31841590ac8cd848beb2,2026-07-08,Men's Singles,Grass,G,QF,Flavio Cobolli,Arthur Fery,2026-07-08 09:45:32,7/8/26 2:00 PM,0.7064,0.2936,-285,+225,1.350877192982456,3.25,-5.0,(-105),(-125),38.0,(-115),(-115)
odds_5d111bb551c4fcf4e037,2026-07-08T09:50:15.126491,run_20260708T094211Z,match_3458169fde10bbcb35ba,2026-07-10,Men's Singles,Grass,G,SF,Jannik Sinner,Novak Djokovic,2026-07-08 09:45:33,7/10/26 12:30 PM,0.7864,0.2136,-450,+350,1.2222222222222223,4.5,-5.5,(-105),(-125),38.0,(-120),(-110)
odds_0e45cac8cea6710d237f,2026-07-08T09:50:17.800349,run_20260708T094211Z,match_74cde945f3841face486,2026-07-08,Nottingham,Hard,C,R16,Clement Chidekh,Alberto Barroso Campos,2026-07-08 09:46:38,7/8/26 10:00 AM,0.8291,0.1709,-750,+450,1.1333333333333333,5.5,-5.0,(-120),(-110),20.0,(-125),(-105)
odds_4f7b52f2393c630f403e,2026-07-08T09:50:20.477265,run_20260708T094211Z,match_629f579c25cd657a6e7b,2026-07-08,Nottingham,Hard,C,R16,Yi Zhou,Daniel de Jonge,2026-07-08 09:46:38,7/8/26 10:00 AM,0.7769,0.2231,-485,+320,1.2061855670103092,4.2,-4.0,(-120),(-110),22.0,(-110),(-120)
odds_b0e325ded6e7da46d298,2026-07-08T09:50:23.141704,run_20260708T094211Z,match_071ba2eb8a7658de4b80,2026-07-08,Nottingham,Hard,C,R16,Ivan Ivanov,Lui Maxted,2026-07-08 09:46:39,7/8/26 11:00 AM,0.4899,0.5101,-110,-120,1.9090909090909087,1.8333333333333333,0.5,(-115),(-115),22.0,(-115),(-115)
odds_d4736ebe17ab1876b92a,2026-07-08T09:50:25.804395,run_20260708T094211Z,match_cf19687d0ff4e485a294,2026-07-08,Nottingham,Hard,C,R16,Patrick Brady,Alastair Gray,2026-07-08 09:46:40,7/8/26 12:10 PM,0.3125,0.6875,+200,-275,3.0,1.3636363636363638,3.5,(-115),(-115),22.0,(-125),(-105)
odds_0cb7cac83580063841a4,2026-07-08T09:50:28.513433,run_20260708T094211Z,match_716fcd2077f2751e75e4,2026-07-08,Braunschweig,Hard,C,R16,Max Schoenhaus,Laslo Djere,2026-07-08 09:47:01,7/8/26 10:10 AM,0.3429,0.6571,+175,-230,2.75,1.434782608695652,3.5,(-110),(-120),22.0,(-115),(-115)
odds_75cf7db4724ef1261fe0,2026-07-08T09:50:31.175619,run_20260708T094211Z,match_9249ccf29ac743b39665,2026-07-08,Braunschweig,Hard,C,R16,Daniel Rincon,Sebastian Ofner,2026-07-08 09:47:02,7/8/26 11:20 AM,0.2603,0.7397,+260,-375,3.6,1.2666666666666666,4.0,(-125),(-105),21.5,(-125),(-105)
odds_708db9e73d46fef36c0e,2026-07-08T09:50:33.847015,run_20260708T094211Z,match_9f294f97b838f7dcc2e1,2026-07-08,Braunschweig,Hard,C,R16,Jan Choinski,Max Hans Rehberg,2026-07-08 09:47:03,7/8/26 2:30 PM,0.5993,0.4007,-175,+135,1.5714285714285714,2.35,-2.5,(-110),(-120),22.5,(-110),(-120)
odds_8fc922b4585ce3956ea8,2026-07-08T09:50:36.505637,run_20260708T094211Z,match_e777d7a9bf10a0316718,2026-07-08,Iasi,Hard,C,R16,Ilia Simakin,Lautaro Midon,2026-07-08 09:47:18,7/8/26 10:30 AM,0.3294,0.6706,+185,-250,2.85,1.4,3.5,(EVEN),(-130),21.5,(-115),(-115)
odds_d537f8fbc4d4047039e3,2026-07-08T09:50:39.172471,run_20260708T094211Z,match_05a47b4a8f33551aee83,2026-07-08,Iasi,Hard,C,R16,Pedro Martinez,Maks Kasnikowski,2026-07-08 09:47:19,7/8/26 11:40 AM,0.4367,0.5633,+115,-150,2.15,1.6666666666666663,1.5,(-110),(-120),22.0,(-115),(-115)
odds_bbca326f3f3919c4e3b5,2026-07-08T09:50:41.859107,run_20260708T094211Z,match_38bf9f3498cee841cff5,2026-07-08,Iasi,Hard,C,R16,Jerome Kym,Sascha Gueymard Wayenburg,2026-07-08 09:47:20,7/8/26 12:00 PM,0.6768,0.3232,-260,+190,1.3846153846153846,2.9,-3.0,(-125),(-105),22.5,(-110),(-120)
odds_e13ab48f1f3dfb2f3603,2026-07-08T09:50:44.518473,run_20260708T094211Z,match_05d95cd8a8a3527e4ec3,2026-07-08,Iasi,Hard,C,R16,Zsombor Piros,Damir Dzumhur,2026-07-08 09:47:20,7/8/26 3:00 PM,0.5721,0.4279,-155,+120,1.6451612903225803,2.2,-2.5,(-110),(-120),22.0,(-115),(-115)
odds_3665cf757797bdfb54a3,2026-07-08T09:50:47.176335,run_20260708T094211Z,match_3f5624141816b4ec2a5e,2026-07-08,Liege,Hard,C,R16,Luca Staeheli,Jack Loge,2026-07-08 09:47:29,7/8/26 10:30 AM,0.5101,0.4899,-120,-110,1.8333333333333333,1.9090909090909087,-0.5,(-115),(-115),21.5,(-120),(-110)
odds_ee67d3c7054123aca797,2026-07-08T09:50:49.852920,run_20260708T094211Z,match_dfcc6fdebba7d42a08f1,2026-07-08,Liege,Hard,C,,Sandro Kopp,Manas Manoj Dhamne,2026-07-08 09:47:30,7/8/26 12:00 PM,0.6768,0.3232,-260,+190,1.3846153846153846,2.9,-4.0,(-105),(-125),21.0,(-115),(-115)
odds_6e50bffa22607c51a2ad,2026-07-08T09:50:52.530459,run_20260708T094211Z,match_7e2fd7f604958520a7a4,2026-07-08,Liege,Hard,C,R16,Miguel Damas,Gilles Arnaud Bailly,2026-07-08 09:47:30,7/8/26 3:00 PM,0.4367,0.5633,+115,-150,2.15,1.6666666666666663,2.0,(-115),(-115),21.5,(-115),(-115)
odds_15c9b6f8b6d574f339e9,2026-07-08T09:50:55.196633,run_20260708T094211Z,match_116ea782de1da461c4f2,2026-07-08,Trieste,Hard,C,R16,Michele Ribecai,Matej Dodig,2026-07-08 09:47:32,7/8/26 10:30 AM,0.4694,0.5306,EVEN,-130,2.0,1.7692307692307692,1.0,(-110),(-120),22.0,(-115),(-115)
odds_1a28ab777b9537fc5396,2026-07-08T09:50:57.849276,run_20260708T094211Z,match_e826bb24fb0686eab36c,2026-07-08,Trieste,Hard,C,R16,Lukas Neumayer,Guido Ivan Justo,2026-07-08 09:47:33,7/8/26 12:10 PM,0.7313,0.2687,-350,+250,1.2857142857142856,3.5,-4.0,(-120),(-110),21.5,(-110),(-120)
odds_d6bac534d8caa850dc01,2026-07-08T09:51:00.528916,run_20260708T094211Z,match_c3ac5075663b82c5b1f6,2026-07-08,Trieste,Hard,C,R16,Henri Squire,Francesco Passaro,2026-07-08 09:47:34,7/8/26 2:45 PM,0.4085,0.5915,+130,-170,2.3,1.5882352941176472,2.5,(-115),(-115),23.0,(-110),(-120)
odds_e3b785ab551eaf4a953c,2026-07-08T09:51:03.211859,run_20260708T094211Z,match_9baf6755e8e32236c7ee,2026-07-08,Newport,Hard,C,R64,Mackenzie McDonald,Adam Walton,2026-07-08 09:47:40,7/8/26 3:00 PM,0.4797,0.5203,-105,-125,1.9523809523809523,1.8,0.5,(-120),(-110),23.0,(-115),(-115)
odds_33a02c8202c5d5cd13c2,2026-07-08T09:51:05.880034,run_20260708T094211Z,match_e74d7995a74ff3a6e466,2026-07-08,Newport,Hard,C,R32,Aleksandar Vukic,Liam Broady,2026-07-08 09:47:41,7/8/26 4:30 PM,0.5,0.5,-115,-115,1.869565217391304,1.869565217391304,0.5,(-120),(-110),22.5,(-120),(-110)
odds_05cedff852b16d155fcb,2026-07-08T09:51:08.544838,run_20260708T094211Z,match_64685c8dd2c2bb00e018,2026-07-08,Newport,Hard,C,R32,August Holmgren,Tristan Schoolkate,2026-07-08 09:47:41,7/8/26 4:30 PM,0.4459,0.5541,+110,-145,2.1,1.6896551724137931,1.0,(-110),(-120),23.5,(-115),(-115)
odds_45bb990b8ff16b09ac79,2026-07-08T09:51:11.229301,run_20260708T094211Z,match_36afe8a77e0ac3a98f76,2026-07-08,Newport,Hard,C,R32,Bernard Tomic,Braden Shick,2026-07-08 09:47:42,7/8/26 4:30 PM,0.625,0.375,-200,+150,1.5,2.5,-3.0,(-105),(-125),22.0,(-125),(-105)
odds_fc3175d8ff40bac1e261,2026-07-08T09:51:13.919066,run_20260708T094211Z,match_a6d5c2b6faf4eb3f47c2,2026-07-08,Newport,Hard,C,,Daniil Glinka,Bu Yunchaokete,2026-07-08 09:47:43,7/8/26 7:30 PM,0.2129,0.7871,+340,-525,4.4,1.1904761904761905,4.0,(-105),(-125),22.0,(-105),(-125)
odds_ba4fcae6c91f74cf2a4f,2026-07-08T12:05:53.802295,run_20260708T120034Z,match_4a28eddfe82ae0d4dae3,2026-07-08,Men's Singles,Grass,G,QF,Taylor Fritz,Alexander Zverev,2026-07-08 12:03:21,7/8/26 1:35 PM,0.5396,0.4604,-125,+111,1.8,2.1100000000000003,-0.5,(-120),(-110),44.5,(-115),(-115)
odds_661403063d7fbaf4d950,2026-07-08T12:05:56.484123,run_20260708T120034Z,match_31841590ac8cd848beb2,2026-07-08,Men's Singles,Grass,G,QF,Flavio Cobolli,Arthur Fery,2026-07-08 12:03:21,7/8/26 2:00 PM,0.7147,0.2853,-280,+240,1.3571428571428572,3.4,-5.0,(-105),(-125),38.0,(-115),(-115)
odds_9bf9d149130c975e4b9f,2026-07-08T12:05:59.136162,run_20260708T120034Z,match_3458169fde10bbcb35ba,2026-07-10,Men's Singles,Grass,G,SF,Jannik Sinner,Novak Djokovic,2026-07-08 12:03:21,7/10/26 12:30 PM,0.7864,0.2136,-450,+350,1.2222222222222223,4.5,-5.0,(-125),(-105),38.0,(-120),(-110)
odds_f13ef101f3a0f95d4166,2026-07-08T12:06:01.812777,run_20260708T120034Z,match_98e1a13ce4505d863f4a,2026-07-08,Iasi,Hard,C,,Jerome Kym,Sascha Gueymard Wayenburg,2026-07-08 12:04:07,7/8/26 12:10 PM,0.6768,0.3232,-260,+190,1.3846153846153846,2.9,-3.0,(-125),(-105),22.5,(-110),(-120)
odds_ebd9e06debf94ef57e09,2026-07-08T12:06:04.500308,run_20260708T120034Z,match_de9210e0b17badc22f1e,2026-07-08,Iasi,Hard,C,,Taro Daniel,Zdenek Kolar,2026-07-08 12:04:07,7/8/26 12:00 PM,0.6639,0.3361,-255,+175,1.392156862745098,2.75,-2.5,(-110),(-120),21.0,(-120),(-120)
odds_bb0301e01eb9f475e61c,2026-07-08T12:06:07.186270,run_20260708T120034Z,match_18269fc39c6e7b92275f,2026-07-08,ITF Men Roda de Bara,Hard,C,,Matthias Uwe Kask,Ludovico Vaccari,2026-07-08 12:03:53,7/8/26 10:15 AM,0.6062,0.3938,-190,+135,1.526315789473684,2.35,-3.0,(-120),(-120),21.0,(-120),(-120)
odds_bd84dc25027a04be4308,2026-07-08T12:06:09.862188,run_20260708T120034Z,match_be14f36da226f55e35fe,2026-07-08,ITF Men Roda de Bara,Hard,C,,Pavlos Tsitsipas,Aren Baybars,2026-07-08 12:03:53,7/8/26 12:00 PM,0.6639,0.3361,-255,+175,1.392156862745098,2.75,-3.5,(-130),(-110),21.0,(-120),(-120)
odds_727b199427bba8c38c47,2026-07-08T12:06:12.552381,run_20260708T120034Z,match_6bdf9db01d22418af70b,2026-07-09,Iasi,Hard,C,R16,Taro Daniel,Zdenek Kolar,2026-07-08 12:04:07,7/8/26 12:00 PM,0.6639,0.3361,-255,+175,1.392156862745098,2.75,-2.5,(-110),(-120),21.0,(-120),(-120)
odds_edd6c6a76a9d655fa628,2026-07-08T12:06:15.235798,run_20260708T120034Z,match_9165079093f1eb3200f2,2026-07-08,Iasi,Hard,C,,Pedro Martinez,Maks Kasnikowski,2026-07-08 12:04:39,7/8/26 12:10 PM,0.4367,0.5633,+115,-150,2.15,1.6666666666666663,1.5,(-110),(-120),22.0,(-115),(-115)
odds_3be9b6b5c93cf4d683d1,2026-07-08T12:06:17.908989,run_20260708T120034Z,match_05d95cd8a8a3527e4ec3,2026-07-08,Iasi,Hard,C,R16,Zsombor Piros,Damir Dzumhur,2026-07-08 12:04:39,7/8/26 3:00 PM,0.5633,0.4367,-150,+115,1.6666666666666663,2.15,-2.0,(-115),(-115),22.0,(-115),(-115)
odds_1cadd40c73bd70400880,2026-07-08T12:06:20.591934,run_20260708T120034Z,match_f2cb33add9b8ab1dc2bf,2026-07-08,Trieste,Hard,C,,Lukas Neumayer,Guido Ivan Justo,2026-07-08 12:04:44,7/8/26 12:10 PM,0.7313,0.2687,-350,+250,1.2857142857142856,3.5,-4.0,(-120),(-110),21.5,(-110),(-120)
odds_ec7a0884d2c21acd41f0,2026-07-08T12:06:23.275645,run_20260708T120034Z,match_39928b57b08cb6ab89d9,2026-07-08,Trieste,Hard,C,R16,Henri Squire,Francesco Passaro,2026-07-08 12:04:45,7/8/26 2:45 PM,0.4085,0.5915,+130,-170,2.3,1.5882352941176472,2.5,(-115),(-115),23.0,(-110),(-120)
odds_2ffe4d719ede41c1b961,2026-07-08T12:06:25.966426,run_20260708T120034Z,match_580ad67ca7c8f2a669bb,2026-07-08,Nottingham,Hard,C,,Patrick Brady,Alastair Gray,2026-07-08 12:04:45,7/8/26 12:10 PM,0.3125,0.6875,+200,-275,3.0,1.3636363636363638,3.5,(-115),(-115),22.0,(-125),(-105)
odds_59bd88c4e763684ba575,2026-07-08T12:06:28.645148,run_20260708T120034Z,match_9baf6755e8e32236c7ee,2026-07-08,Newport,Hard,C,R64,Mackenzie McDonald,Adam Walton,2026-07-08 12:04:47,7/8/26 3:00 PM,0.4797,0.5203,-105,-125,1.9523809523809523,1.8,0.5,(-120),(-110),23.0,(-115),(-115)
odds_92cfcb66c44f846b61ce,2026-07-08T12:06:31.322321,run_20260708T120034Z,match_e74d7995a74ff3a6e466,2026-07-08,Newport,Hard,C,R32,Aleksandar Vukic,Liam Broady,2026-07-08 12:04:48,7/8/26 4:30 PM,0.5,0.5,-115,-115,1.869565217391304,1.869565217391304,-110.0,(-110),(-120),22.5,(-120),(-110)
odds_8ce495c9895cc385ea86,2026-07-08T12:06:34.016231,run_20260708T120034Z,match_64685c8dd2c2bb00e018,2026-07-08,Newport,Hard,C,R32,August Holmgren,Tristan Schoolkate,2026-07-08 12:04:48,7/8/26 4:30 PM,0.4459,0.5541,+110,-145,2.1,1.6896551724137931,1.0,(-110),(-120),23.5,(-115),(-115)
odds_db2c2f0c392d66a83cbe,2026-07-08T12:06:36.691171,run_20260708T120034Z,match_36afe8a77e0ac3a98f76,2026-07-08,Newport,Hard,C,R32,Bernard Tomic,Braden Shick,2026-07-08 12:04:49,7/8/26 4:30 PM,0.625,0.375,-200,+150,1.5,2.5,-3.0,(-105),(-125),22.0,(-125),(-105)
odds_0c8e61babaf4c947085c,2026-07-08T12:06:39.370230,run_20260708T120034Z,match_a6d5c2b6faf4eb3f47c2,2026-07-08,Newport,Hard,C,,Daniil Glinka,Bu Yunchaokete,2026-07-08 12:04:49,7/8/26 7:30 PM,0.2129,0.7871,+340,-525,4.4,1.1904761904761905,4.0,(-105),(-125),22.0,(-105),(-125)
odds_cfc8b0c057f034e1f961,2026-07-08T12:06:42.062558,run_20260708T120034Z,match_6b7cf8555bb9f4dd446c,2026-07-08,Liege,Hard,C,R16,Miguel Damas,Gilles Arnaud Bailly,2026-07-08 12:04:50,7/8/26 3:00 PM,0.4165,0.5835,+125,-165,2.25,1.606060606060606,2.5,(-115),(-115),21.5,(-115),(-115)
odds_36efa7e7c4ee2eaf650a,2026-07-08T14:48:24.252234,run_20260708T144433Z,match_6104f38542af123f2bdd,2026-07-10,Men's Singles,Grass,G,SF,Jannik Sinner,Novak Djokovic,2026-07-08 14:47:43,7/10/26 12:30 PM,0.7864,0.2136,-450,+350,1.2222222222222223,4.5,-5.0,(-120),(-110),38.5,(-110),(-120)
odds_0833f1c1da312e368aae,2026-07-08T14:48:26.913335,run_20260708T144433Z,match_cff0b47825c0510b75d9,2026-07-08,Braunschweig,Hard,C,R16,Jan Choinski,Max Hans Rehberg,2026-07-08 14:47:44,7/8/26 3:00 PM,0.5993,0.4007,-175,+135,1.5714285714285714,2.35,-2.5,(-110),(-120),22.5,(-110),(-120)
odds_9d4e85ec4ee1c7c0aa19,2026-07-08T14:48:29.565689,run_20260708T144433Z,match_9baf6755e8e32236c7ee,2026-07-08,Newport,Hard,C,R64,Mackenzie McDonald,Adam Walton,2026-07-08 14:47:45,7/8/26 3:00 PM,0.4797,0.5203,-105,-125,1.9523809523809523,1.8,0.5,(-120),(-110),23.0,(-115),(-115)
odds_85a491ded6e1bdd4cb76,2026-07-08T14:48:32.228754,run_20260708T144433Z,match_e74d7995a74ff3a6e466,2026-07-08,Newport,Hard,C,R32,Aleksandar Vukic,Liam Broady,2026-07-08 14:47:46,7/8/26 4:30 PM,0.5,0.5,-115,-115,1.869565217391304,1.869565217391304,-110.0,(-110),(-120),22.5,(-120),(-110)
odds_7ef79fe56d4fea111fb4,2026-07-08T14:48:34.904138,run_20260708T144433Z,match_64685c8dd2c2bb00e018,2026-07-08,Newport,Hard,C,R32,August Holmgren,Tristan Schoolkate,2026-07-08 14:47:46,7/8/26 4:30 PM,0.4459,0.5541,+110,-145,2.1,1.6896551724137931,1.0,(-110),(-120),23.5,(-115),(-115)
odds_8121150fe1805eb8bf56,2026-07-08T14:48:37.572717,run_20260708T144433Z,match_36afe8a77e0ac3a98f76,2026-07-08,Newport,Hard,C,R32,Bernard Tomic,Braden Shick,2026-07-08 14:47:46,7/8/26 4:30 PM,0.625,0.375,-200,+150,1.5,2.5,-3.0,(-105),(-125),22.0,(-125),(-105)
odds_89d37b0e2e7a962aec74,2026-07-08T14:48:40.222521,run_20260708T144433Z,match_a6d5c2b6faf4eb3f47c2,2026-07-08,Newport,Hard,C,,Daniil Glinka,Bu Yunchaokete,2026-07-08 14:47:46,7/8/26 7:30 PM,0.2129,0.7871,+340,-525,4.4,1.1904761904761905,4.0,(-105),(-125),22.0,(-105),(-125)
odds_209bf6b62bc98f2720dd,2026-07-08T14:48:42.881573,run_20260708T144433Z,match_6b7cf8555bb9f4dd446c,2026-07-08,Liege,Hard,C,R16,Miguel Damas,Gilles Arnaud Bailly,2026-07-08 14:47:47,7/8/26 3:00 PM,0.4165,0.5835,+125,-165,2.25,1.606060606060606,2.5,(-115),(-115),21.5,(-115),(-115)
odds_db4263bf02dd8488fa3e,2026-07-08T14:48:45.542945,run_20260708T144433Z,match_d2c20ded46b34053943f,2026-07-08,Iasi,Hard,C,R16,Zsombor Piros,Damir Dzumhur,2026-07-08 14:47:48,7/8/26 3:00 PM,0.5633,0.4367,-150,+115,1.6666666666666663,2.15,-2.0,(-115),(-115),22.0,(-115),(-115)
odds_af2b11ea337384352165,2026-07-08T14:48:48.209297,run_20260708T144433Z,match_98a9f9022cc4085c0d94,2026-07-09,Iasi,Hard,C,R16,Taro Daniel,Zdenek Kolar,2026-07-08 14:47:48,7/9/26 7:00 AM,0.5721,0.4279,-155,+120,1.6451612903225803,2.2,-2.5,(-110),(-120),21.5,(-120),(-110)
odds_e088328ede76c557d353,2026-07-08T16:58:27.401054,run_20260708T165413Z,match_6104f38542af123f2bdd,2026-07-10,Men's Singles,Grass,G,SF,Jannik Sinner,Novak Djokovic,2026-07-08 16:57:37,7/10/26 12:30 PM,0.7864,0.2136,-450,+350,1.2222222222222223,4.5,-5.0,(-120),(-110),38.5,(-115),(-115)
odds_708de54d5ec7f3a929e5,2026-07-08T16:58:30.141796,run_20260708T165413Z,match_f3bef4045340da4f72d8,2026-07-08,Newport,Hard,C,R32,Aleksandar Vukic,Liam Broady,2026-07-08 16:57:43,7/8/26 5:10 PM,0.5,0.5,-115,-115,1.869565217391304,1.869565217391304,-110.0,(-110),(-120),22.5,(-120),(-110)
odds_21c47266848f36b285e9,2026-07-08T16:58:32.875168,run_20260708T165413Z,match_bf505289a5a98a982120,2026-07-08,Newport,Hard,C,R32,Bernard Tomic,Braden Shick,2026-07-08 16:57:43,7/8/26 5:10 PM,0.6315,0.3685,-205,+155,1.4878048780487805,2.55,-3.0,(-110),(-120),22.0,(-120),(-110)
odds_74c4c06856c9f0b7faa6,2026-07-08T16:58:35.602942,run_20260708T165413Z,match_9a2ff61cd4bd11683f08,2026-07-08,Newport,Hard,C,R32,August Holmgren,Tristan Schoolkate,2026-07-08 16:57:43,7/8/26 5:45 PM,0.4459,0.5541,+110,-145,2.1,1.6896551724137931,1.0,(-110),(-120),23.5,(-115),(-115)
odds_96e5318f60a7fd86c22c,2026-07-08T16:58:38.319496,run_20260708T165413Z,match_4fdfd57cebeff56514b0,2026-07-08,Newport,Hard,C,,Daniil Glinka,Bu Yunchaokete,2026-07-08 16:57:44,7/8/26 8:10 PM,0.2129,0.7871,+340,-525,4.4,1.1904761904761905,4.0,(-110),(-120),22.0,(-105),(-125)
odds_c6425eb1c7b0ff23c6d5,2026-07-08T16:58:41.052706,run_20260708T165413Z,match_d2c20ded46b34053943f,2026-07-08,Iasi,Hard,C,R16,Zsombor Piros,Damir Dzumhur,2026-07-08 16:57:45,7/8/26 5:10 PM,0.5633,0.4367,-150,+115,1.6666666666666663,2.15,-2.0,(-120),(-110),22.0,(-115),(-115)
odds_f48b34b392c42e853fce,2026-07-08T16:58:43.781017,run_20260708T165413Z,match_98a9f9022cc4085c0d94,2026-07-09,Iasi,Hard,C,R16,Taro Daniel,Zdenek Kolar,2026-07-08 16:57:45,7/9/26 7:00 AM,0.5721,0.4279,-155,+120,1.6451612903225803,2.2,-2.5,(-110),(-120),21.5,(-120),(-110)
odds_735bf33da71d6a8d0d52,2026-07-08T19:25:43.499902,run_20260708T192158Z,match_6104f38542af123f2bdd,2026-07-10,Men's Singles,Grass,G,SF,Jannik Sinner,Novak Djokovic,2026-07-08 19:25:01,7/10/26 12:30 PM,0.7864,0.2136,-450,+350,1.2222222222222223,4.5,-5.5,(-105),(-125),37.5,(-115),(-115)
odds_b23530c3a6e595475c4c,2026-07-08T19:25:46.172023,run_20260708T192158Z,match_d6308551547b957ceba4,2026-07-08,Newport,Hard,C,,Daniil Glinka,Bu Yunchaokete,2026-07-08 19:25:02,7/8/26 8:25 PM,0.1972,0.8028,+375,-600,4.75,1.1666666666666667,4.0,(-105),(-125),21.5,(-125),(-105)
odds_81a80acf454519c200ad,2026-07-08T19:25:48.874452,run_20260708T192158Z,match_21e01729b4116f4ad784,2026-07-09,Iasi,Hard,C,R16,Taro Daniel,Zdenek Kolar,2026-07-08 19:25:03,7/9/26 7:00 AM,0.5721,0.4279,-155,+120,1.6451612903225803,2.2,-2.5,(-110),(-120),21.5,(-120),(-110)
odds_e7c6b71ec2233c5d994a,2026-07-08T19:35:36.149113,run_20260708T193233Z,match_6104f38542af123f2bdd,2026-07-10,Men's Singles,Grass,G,SF,Jannik Sinner,Novak Djokovic,2026-07-08 19:34:58,7/10/26 12:30 PM,0.7864,0.2136,-450,+350,1.2222222222222223,4.5,-5.0,(-120),(-110),38.5,(-110),(-120)
odds_d3cb2ad212cbe37a3f90,2026-07-08T19:35:38.800640,run_20260708T193233Z,match_d6308551547b957ceba4,2026-07-08,Newport,Hard,C,,Daniil Glinka,Bu Yunchaokete,2026-07-08 19:34:59,7/8/26 8:25 PM,0.1972,0.8028,+375,-600,4.75,1.1666666666666667,4.0,(-105),(-125),21.5,(-125),(-105)
odds_f15a74923b78710a23c7,2026-07-08T19:35:41.494552,run_20260708T193233Z,match_21e01729b4116f4ad784,2026-07-09,Iasi,Hard,C,R16,Taro Daniel,Zdenek Kolar,2026-07-08 19:34:59,7/9/26 7:00 AM,0.5721,0.4279,-155,+120,1.6451612903225803,2.2,-2.5,(-110),(-120),21.5,(-120),(-110)
odds_257c7c48e8e96cba1179,2026-07-08T19:43:45.665874,run_20260708T194008Z,match_6104f38542af123f2bdd,2026-07-10,Men's Singles,Grass,G,SF,Jannik Sinner,Novak Djokovic,2026-07-08 19:42:15,7/10/26 12:30 PM,0.7864,0.2136,-450,+350,1.2222222222222223,4.5,-5.0,(-120),(-110),38.5,(-110),(-120)
odds_e6024677708013531fac,2026-07-08T19:43:47.993393,run_20260708T194008Z,match_d6308551547b957ceba4,2026-07-08,Newport,Hard,C,,Daniil Glinka,Bu Yunchaokete,2026-07-08 19:42:16,7/8/26 8:25 PM,0.1972,0.8028,+375,-600,4.75,1.1666666666666667,4.0,(-105),(-125),21.5,(-125),(-105)
odds_ff2bc467b766947db52d,2026-07-08T19:43:50.302446,run_20260708T194008Z,match_21e01729b4116f4ad784,2026-07-09,Iasi,Hard,C,R16,Taro Daniel,Zdenek Kolar,2026-07-08 19:42:16,7/9/26 7:00 AM,0.5721,0.4279,-155,+120,1.6451612903225803,2.2,-2.5,(-110),(-120),21.5,(-120),(-110)
odds_7a85314978d37e3b8977,2026-07-08T19:54:35.106443,run_20260708T194829Z,match_6104f38542af123f2bdd,2026-07-10,Men's Singles,Grass,G,SF,Jannik Sinner,Novak Djokovic,2026-07-08 19:52:28,7/10/26 12:30 PM,0.7864,0.2136,-450,+350,1.2222222222222223,4.5,-5.0,(-120),(-110),38.5,(-110),(-120)
odds_a2a61a629f63cadecf07,2026-07-08T19:54:37.396362,run_20260708T194829Z,match_d6308551547b957ceba4,2026-07-08,Newport,Hard,C,,Daniil Glinka,Bu Yunchaokete,2026-07-08 19:52:29,7/8/26 8:25 PM,0.1972,0.8028,+375,-600,4.75,1.1666666666666667,4.0,(-105),(-125),21.5,(-125),(-105)
odds_2baaf7e64766ddeb5f24,2026-07-08T19:54:39.687918,run_20260708T194829Z,match_21e01729b4116f4ad784,2026-07-09,Iasi,Hard,C,R16,Taro Daniel,Zdenek Kolar,2026-07-08 19:52:29,7/9/26 7:00 AM,0.5721,0.4279,-155,+120,1.6451612903225803,2.2,-2.5,(-110),(-120),21.5,(-120),(-110)
odds_5ef072cf7f56e20c791c,2026-07-08T20:04:33.430178,run_20260708T195827Z,match_6104f38542af123f2bdd,2026-07-10,Men's Singles,Grass,G,SF,Jannik Sinner,Novak Djokovic,2026-07-08 20:01:23,7/10/26 12:30 PM,0.7864,0.2136,-450,+350,1.2222222222222223,4.5,-5.0,(-120),(-110),38.5,(-110),(-120)
odds_49bf85d44d3338c6a700,2026-07-08T20:04:35.739023,run_20260708T195827Z,match_d6308551547b957ceba4,2026-07-08,Newport,Hard,C,,Daniil Glinka,Bu Yunchaokete,2026-07-08 20:01:24,7/8/26 8:25 PM,0.1972,0.8028,+375,-600,4.75,1.1666666666666667,4.0,(-105),(-125),21.5,(-125),(-105)
odds_6cece7e06bb2ea4e3a40,2026-07-08T20:04:38.050576,run_20260708T195827Z,match_21e01729b4116f4ad784,2026-07-09,Iasi,Hard,C,R16,Taro Daniel,Zdenek Kolar,2026-07-08 20:01:25,7/9/26 7:00 AM,0.5721,0.4279,-155,+120,1.6451612903225805,2.2,-2.5,(-110),(-120),21.5,(-120),(-110)
